Proyecto de Ley;Fecha Documento;Fecha de Presentación;N. Trámite;N. Documento;Estado;Comisión asignada;Fecha Calificación CAL;Proponentes
"PROYECTO DE LEY DE CONCURSO PREVENTIVO PARA EL FORTALECIMIENTO DE LA CONTINUIDAD EMPRESARIAL";"2026-05-07";"2026-05-07";"480824";"480824";"PROYECTO PRESENTADO";"No Asignado";null;"AZIN ARCE ANNABELLA EMMA(ASAMBLEÍSTA)"
"PROYECTO DE LEY ORGÁNICA REFORMATORIA A LA LEY ORGÁNICA PARA LA PLANIFICACIÓN Y DESARROLLO INTEGRAL DE LA CIRCUNSCRIPCIÓN TERRITORIAL ESPECIAL AMAZÓNICA";"2026-05-07";"2026-05-07";"480835";"480835";"PROYECTO PRESENTADO";"No Asignado";null;"JARRIN RIVADENEIRA EDWIN ESTUARDO(ASAMBLEÍSTA)"
"PROYECTO DE LEY ORGÁNICA DE JUVENTUDES PARA APOYAR EL EMPRENDIMIENTO JUVENIL E INNOVACIÓN SOSTENIBLE";"2026-05-06";"2026-05-06";"480743";"480743";"PROYECTO PRESENTADO";"No Asignado";null;"TERÁN BARRAGÁN JOHNNY ENRIQUE(ASAMBLEÍSTA)"
"PROYECTO DE LEY ORGÁNICA REFORMATORIA A VARIAS LEYES PARA GARANTIZAR EL DERECHO AL CUIDADO EN CASO DE EMBARAZO PREMATURO Y EMBARAZO MÚLTIPLE EN EL PERÍODO DE IACTANCIA, MATERNIDAD Y PATERNIDAD";"2026-05-06";"2026-05-06";"480753";"480753";"PROYECTO PRESENTADO";"No Asignado";null;"VEGA SEGURA ELIZABETH JULIETTE(ASAMBLEÍSTA)"
"PROYECTO DE LEY ORGÁNICA REFORMATORIA AL CÓDIGO ORGÁNICO DE ORGANIZACIÓN TERRITORIAL, AUTONOMÍA Y DESCENTRALIZACIÓN, PARA INCENTIVAR LA CONECTIVIDAD Y EL ACCESO A INTERNET EN ZONAS RURALES";"2026-05-06";"2026-05-06";"480765";"480765";"PROYECTO PRESENTADO";"No Asignado";null;"CELLERI GÓMEZ SAMUEL ELIAS(ASAMBLEÍSTA)"
"PROYECTO DE LEY ORGÁNICA REFORMATORIA A LA LEY ORGÁNICA DE LA ECONOMÍA POPULAR Y SOLIDARIA";"2026-05-06";"2026-05-06";"480764";"480764";"PROYECTO PRESENTADO";"No Asignado";null;"MENDOZA IBARRA MARIA BESIBELL(ASAMBLEÍSTA)"
"PROYECTO DE LEY REFORMATORIA A LA DE CREACIÓN Y FUNCIONAMIENTO DEL SERVICIO ECUATORIANO DE CAPACITACIÓN PROFESIONAL SECAP";"2026-05-06";"2026-05-06";"480763";"480763";"PROYECTO PRESENTADO";"No Asignado";null;"MENDOZA IBARRA MARIA BESIBELL(ASAMBLEÍSTA)"
"PROYECTO DE LEY ORGÁNICA REFORMATORIA AL CÓDIGO ORGÁNICO DE LA FUNCIÓN JUDICIAL PARA GARANTIZAR PROBIDAD NOTORIA EN LA DESIGNACIÓN DEL FISCAL GENERAL Y LA LUCHA CONTRA EL CRIMEN ORGANIZADO";"2026-05-05";"2026-05-05";"480696";"480696";"PROYECTO PRESENTADO";"No Asignado";null;"MOLINA ONOFA LUIS FERNANDO(ASAMBLEÍSTA)"
"PROYECTO DE LEY REFORMATORIA AL CÓDIGO ORGÁNICO INTEGRAL PENAL PARA GARANTIZAR LA PROTECCIÓN E INDEPENDENCIA DE LA FUNCIÓN JUDICIAL FRENTE AL CRIMEN ORGANIZADO";"2026-04-29";"2026-04-29";"480592";"480592";"PROYECTO PRESENTADO";"No Asignado";null;"YUMBAY YALLICO MARIANA(ASAMBLEÍSTA)"
"PROYECTO DE LEY ORGÁNICA REFORMATORIA A LA LEY ORGÁNICA DE PERSONAS CON DISCAPACIDAD, DE FORTALECIMIENTO DEL DERECHO A LA SALUD INTEGRAL Y AUTONOMÍA PERSONAL, EN ARMONIZACIÓN DE ESTÁNDARES DE PROTECCIÓN INTERNACIONALES Y CONSTITUCIONALES";"2026-04-27";"2026-04-27";"AN-BCDP-2026-0065-M";"AN-BCDP-2026-0065-M";"PROYECTO PRESENTADO";"No Asignado";null;"BLACIO CARRION DIANA PATRICIA(ASAMBLEÍSTA)"
"PROYECTO DE LEY ORGÁNICA DE ECOSISTEMAS FRÁGILES";"2026-04-24";"2026-04-24";"480387";"480387";"PROYECTO PRESENTADO";"No Asignado";null;"BALTAZAR YUCAILLA ROSA CECILIA(ASAMBLEÍSTA)"
"PROYECTO DE LEY PARA RECONOCER E INTEGRAR LOS DERECHOS DE LA NATURALEZA, LOS DERECHOS DE LOS ANIMALES Y LA PROTECCIÓN Y BIENESTAR ANIMAL EN LA EDUCACIÓN AMBIENTAL";"2026-04-24";"2026-04-24";"480385";"480385";"PROYECTO PRESENTADO";"No Asignado";null;"SAMANIEGO MAIGUA FRANKLIN OMAR(ASAMBLEÍSTA)"
"PROYECTO DE LEY ORGÁNICA REFORMATORIA A VARIAS LEYES PARA GARANTIZAR LA IGUALDAD EN EL ACCESO A LA LICENCIA POR CALAMIDAD DOMÉSTICA";"2026-04-23";"2026-04-23";"480360";"480360";"PROYECTO PRESENTADO";"No Asignado";null;"FARINANGO DELGADO NATHALY ESTEFANIA(ASAMBLEÍSTA)"
"PROYECTO DE LEY ORGÁNICA REFORMATORIA AL CÓDIGO ORGÁNICO INTEGRAL PENAL PARA GARANTIZAR LA EXCEPCIONALIDAD DE LA PRIVACIÓN DE LIBERTAD EN INFRACCIONES DE TRÁNSITO Y PROMOVER LA RESPONSABILIDAD DE AUXILIO DEL CONDUCTOR";"2026-04-22";"2026-04-22";"480296";"480296";"PROYECTO PRESENTADO";"No Asignado";null;"GONZAGA SALAZAR JUAN MARCO(ASAMBLEÍSTA)"
"PROYECTO DE LEY ORGÁNICA REFORMATORIA A LA LEY ORGÁNICA DE ACTUACIÓN DE CASOS DE PERSONAS DESAPARECIDAS Y EXTRAVIADAS";"2026-04-16";"2026-04-16";"480018";"480018";"AVOCO DEL PROYECTO POR PARTE DE LA COMISIÓN";"Comisión de Soberanía, Integración y Seguridad Integral";"2026-05-06";"ALARCÓN BUENO INÉS MARGARITA(ASAMBLEÍSTA)"
"PROYECTO DE LEY ORGÁNICA REFORMATORIA A LA LEY ORGÁNICA PARA LA PLANIFICACIÓN Y DESARROLLO DE LA CIRCUNSCRIPCIÓN TERRITORIAL ESPECIAL AMAZÓNICA";"2026-04-14";"2026-04-14";"AN-TVAB-2026-0077-M";"AN-TVAB-2026-0077-M";"INFORME NO VINCULANTE UTL";"No Asignado";null;"TAPIA VALLEJO ANA BELEN(ASAMBLEÍSTA)/ VILLACRES SALAZAR CARLOS STEVE(ASAMBLEÍSTA)/ VEGA MORILLO NUVIA ROCIO(ASAMBLEÍSTA)/ ACUÑA VACA MARIA CRISTINA(ASAMBLEÍSTA)/ ROGEL ESPERANZA DEL CISNE(ASAMBLEÍSTA)/ JARRIN RIVADENEIRA EDWIN ESTUARDO(ASAMBLEÍSTA)"
"PROYECTO DE LEY ORGÁNICA REFORMATORIA AL CÓDIGO ORGÁNICO INTEGRAL PENAL PARA EL FORTALECIMIENTO DE LA LUCHA CONTRA LA TRATA DE PERSONAS Y LA PROTECCIÓN DE NIÑAS, NIÑOS Y ADOLESCENTES FRENTE A LA EXPLOTACIÓN SEXUAL";"2026-04-14";"2026-04-14";"479916";"479916";"INFORME NO VINCULANTE UTL";"No Asignado";null;"ALARCÓN BUENO INÉS MARGARITA(ASAMBLEÍSTA)"
"PROYECTO DE LEY ORGÁNICA REFORMATORIA A LA LEY ORGÁNICA DE ACTUACIÓN EN CASOS DE PERSONAS DESAPARECIDAS Y EXTRAVIADAS";"2026-04-10";"2026-04-10";"479800";"479800";"INFORME NO VINCULANTE UTL";"No Asignado";null;"SAMANIEGO MAIGUA FRANKLIN OMAR(ASAMBLEÍSTA)"
"PROYECTO DE LEY ORGÁNICA DE GOBERNANZA DE DATOS EN SALUD PARA EL SISTEMA NACIONAL DE SALUD DEL ECUADOR";"2026-04-09";"2026-04-09";"AN-GBJL-2026-0055-M";"AN-GBJL-2026-0055-M";"INFORME NO VINCULANTE UTL";"No Asignado";null;"GUEVARA BENAVIDEZ JORGE LUIS(ASAMBLEÍSTA)"
"PROYECTO DE LEY ORGÁNICA DE GARANTÍA DE DERECHOS DE LA NATURALEZA FRENTE A LAS ACTIVIDADES EXTRACTIVISTAS";"2026-04-09";"2026-04-09";"479726";"479726";"CALIFICACIÓN DEL CONSEJO DE ADMINISTRACIÓN LEGISLATIVA (CAL)";"No Asignado";null;"BALTAZAR YUCAILLA ROSA CECILIA(ASAMBLEÍSTA)"
"PROYECTO DE LEY ORGÁNICA REFORMATORIA AL CÓDIGO ORGÁNICO INTEGRAL PENAL PARA REGULAR LA COOPERACIÓN EFICAZ";"2026-04-09";"2026-04-09";"479733";"479733";"INFORME NO VINCULANTE UTL";"No Asignado";null;"NORIEGA DONOSO JAHIREN ELIZABETH(ASAMBLEÍSTA)"
"PROYECTO DE LEY ORGÁNICA REFORMATORIA A LA LEY ORGÁNICA DE EDUCACIÓN SUPERIOR";"2026-04-08";"2026-04-08";"479655";"479655";"INFORME NO VINCULANTE UTL";"No Asignado";null;"BALTAZAR YUCAILLA ROSA CECILIA(ASAMBLEÍSTA)"
"PROYECTO DE LEY ORGÁNICA PARA LA DOTACIÓN GRATUITA Y UNIVERSAL DE INTERNET EN ZONAS RURALES Y PERIFÉRICAS DEL ECUADOR";"2026-04-08";"2026-04-08";"479637";"479637";"INFORME NO VINCULANTE UTL";"No Asignado";null;"CHORO DUCHI SEGUNDO MANUEL(ASAMBLEÍSTA)"
"PROYECTO DE LEY ORGÁNICA REFORMATORIA A VARIAS LEYES PARA ESTABLECER LA JUBILACIÓN ESPECIAL DE LAS Y LOS TRABAJADORES DEL SECTOR PETROLERO";"2026-04-08";"2026-04-08";"479643";"479643";"INFORME NO VINCULANTE UTL";"No Asignado";null;"TAMAYO TRIVIÑO JORGE FABRICIO(ASAMBLEÍSTA)"
"PROYECTO DE LEY ORGÁNICA REFORMATORIA A LA LEY ORGÁNICA DE ECONOMÍA POPULAR Y SOLIDARIA PARA LA INCORPORACIÓN DE LAS PERSONAS MIGRANTES RETORNADAS AL RÉGIMEN DE LA ECONOMÍA POPULAR Y SOLIDARIA";"2026-04-08";"2026-04-08";"479635";"479635";"INFORME NO VINCULANTE UTL";"No Asignado";null;"MATEUS ACOSTA GUSTAVO ENRIQUE(ASAMBLEÍSTA)"
"PROYECTO DE LEY ORGÁNICA REFORMATORIA A LA LEY DE INQUILINATO";"2026-04-07";"2026-04-07";"479579";"479579";"INFORME NO VINCULANTE UTL";"No Asignado";null;"GALLARDO RUIZ KEEVIN FERNANDO(ASAMBLEÍSTA)"
"PROYECTO DE LEY ORGÁNICA REFORMATORIA A LA LEY DE MOVILIDAD HUMANA";"2026-04-07";"2026-04-07";"479608";"479608";"INFORME NO VINCULANTE UTL";"No Asignado";null;"GALLARDO RUIZ KEEVIN FERNANDO(ASAMBLEÍSTA)"
"PROYECTO DE LEY QUE DECLARA COMO FECHA CÍVICA NACIONAL EL 11 DE SEPTIEMBRE DE 1830 COMO ""EL DÍA DEL ECUADOR""";"2026-04-07";"2026-04-07";"479575";"479575";"PROYECTO PRESENTADO";"No Asignado";null;"GALLARDO RUIZ KEEVIN FERNANDO(ASAMBLEÍSTA)/ MANCHENO DAVILA MISHEL ANDREA(ASAMBLEÍSTA)"
"PROYECTO DE LEY PARA LA CREACIÓN DEL CANTÓN BORBÓN EN LA PROVINCIA DE ESMERALDAS";"2026-04-02";"2026-04-02";"479460";"479460";"AVOCO DEL PROYECTO POR PARTE DE LA COMISIÓN";"Comisión de Gobiernos Autónomos, Descentralización, Competencias y Organización del Territorio";"2026-04-13";"NOBOA AZIN DANIEL ROY-GILCHRIST(PRESIDENCIA DE LA REPÚBLICA)"
"PROYECTO DE LEY ORGÁNICA REFORMATORIA AL CÓDIGO DEL TRABAJO PARA FORTALECER EL EMPLEO JUVENIL E INTERCULTURAL Y OPERATIVIZAR EL EMPLEO PREFERENTE EN LA CIRCUNSCRIPCIÓN TERRITORIAL ESPECIAL AMAZÓNICA";"2026-03-31";"2026-03-31";"479322";"479322";"INFORME NO VINCULANTE UTL";"No Asignado";null;"CERDA TAPUY EDMUNDO JORGE(ASAMBLEÍSTA)"
"PROYECTO DE LEY ORGÁNICA REFORMATORIA A VARIOS CUERPOS LEGALES SOBRE SISTEMAS DE AERONAVES NO TRIPULADAS DE USO CIVIL";"2026-03-27";"2026-03-27";"479168";"479168";"INFORME NO VINCULANTE UTL";"No Asignado";null;"LARA PEREZ LENIN ALEJANDRO(ASAMBLEÍSTA)"
"PROYECTO DE LEY ORGÁNICA REFORMATORIA A LA LEY ORGÁNICA DE EDUCACIÓN SUPERIOR PARA EL ASEGURAMIENTO DE LA CALIDAD ACADÉMICA EN PROGRAMAS Y TÍTULOS EXTRANJEROS";"2026-03-26";"2026-03-26";"479130";"479130";"INFORME NO VINCULANTE UTL";"No Asignado";null;"SALAZAR HIDALGO MÓNICA DE JESÚS(ASAMBLEÍSTA)"
"PROYECTO DE LEY ORGÁNICA REFORMATORIA AL CÓDIGO ORGÁNICO INTEGRAL PENAL PARA LA TIPIFICACIÓN DE CONDUCTAS VINCULADAS A LA EXPLOTACIÓN SEXUAL DE NIÑAS, NIÑOS Y ADOLESCENTES MEDIANTE INTELIGENCIA ARTIFICIAL Y OTRAS TECNOLOGÍAS DE LA INFORMACIÓN";"2026-03-26";"2026-03-26";"479132";"479132";"INFORME NO VINCULANTE UTL";"No Asignado";null;"DUEÑAS PALMA GEMA KAROLINA(ASAMBLEÍSTA)"
"PROYECTO DE LEY ORGÁNICA REFORMATORIA A LA CODIFICACIÓN DE LA LEY ORGÁNICA DE EDUCACIÓN LNTERCULTURAL PARA GARANTIZAR EL ASCENSO DOCENTE EN EL MAGISTERIO ECUATORIANO";"2026-03-26";"2026-03-26";"479120";"479120";"INFORME NO VINCULANTE UTL";"No Asignado";null;"LUNA ARÉVALO BLASCO REMIGIO(ASAMBLEÍSTA)"
"PROYECTO DE LEY REFORMATORIA AL CÓDIGO ORGÁNICO GENERAL DE PROCESOS SOBRE EL PROCEDIMIENTO DE ADOPCIÓN";"2026-03-26";"2026-03-26";"479136";"479136";"INFORME NO VINCULANTE UTL";"No Asignado";null;"GALLARDO RUIZ KEEVIN FERNANDO(ASAMBLEÍSTA)"
"PROYECTO DE LEY ORGÁNICA REFORMATORIA AL CÓDIGO ORGÁNICO GENERAL DE PROCESOS";"2026-03-26";"2026-03-26";"479135";"479135";"INFORME NO VINCULANTE UTL";"No Asignado";null;"GALLARDO RUIZ KEEVIN FERNANDO(ASAMBLEÍSTA)"
"PROYECTO DE LEY REFORMATORIA A LA LEY NOTARIAL";"2026-03-26";"2026-03-26";"479122";"479122";"INFORME NO VINCULANTE UTL";"No Asignado";null;"JARAMILLO GOMEZ CHRISTOPHER MANUEL(ASAMBLEÍSTA)"
"PROYECTO DE LEY ORGÁNICA QUE REGULA EL USO DE LAS SIMULACIONES DE IMÁGENES, VOCES, AUDIO Y VIDEO DE PERSONAS GENERADAS POR INTELIGENCIA ARTIFICIAL";"2026-03-25";"2026-03-25";"479074";"479074";"INFORME NO VINCULANTE UTL";"No Asignado";null;"VILLACRESES HERRERA MARIA PAULA(ASAMBLEÍSTA)"
"PROYECTO DE LEY REFORMATORIA DE LA LEY DE PROPIEDAD HORIZONTAL PARA EL FORTALECIMIENTO DEL REGISTRO, LA TRANSPARENCIA ADMINISTRATIVA Y LA SEGURIDAD COMUNITARIA (479033)";"2026-03-24";"2026-03-24";"479033";"479033";"CALIFICACIÓN DEL CONSEJO DE ADMINISTRACIÓN LEGISLATIVA (CAL)";"No Asignado";null;"GUSCHMER TAMARIZ MARCELO ANDRES(ASAMBLEÍSTA)"
"PROYECTO DE LEY REFORMATORIA A LA LEY PARA PREVENIR Y ERRADICAR LA VIOLENCIA CONTRA LAS MUJERES, A FIN DE INCORPORAR EXPRESAMENTE COMO MODALIDAD DE VIOLENCIA SEXUAL DIGITAL LA CREACIÓN Y DIFUSIÓN DE CONTENIDO DIGITAL SINTÉTICO QUE SIMULE IDENTIDAD";"2026-03-24";"2026-03-24";"479027";"479027";"INFORME NO VINCULANTE UTL";"No Asignado";null;"ZUÑIGA ROCHA LEDY ANDREA(ASAMBLEÍSTA)"
"PROYECTO DE LEY ORGÁNICA REFORMATORIA A LA LEY ORGÁNICA DE ACTUACIÓN EN CASOS DE PERSONAS DESAPARECIDAS Y EXTRAVIADAS";"2026-03-23";"2026-03-23";"478974";"478974";"INFORME NO VINCULANTE UTL";"No Asignado";null;"HERRERA GÓMEZ ANA CECILIA(ASAMBLEÍSTA)"
"PROYECTO REFORMATORIO A LA LEY ORGÁNICA DE LA FUNCIÓN LEGISLATIVA PARA GARANTIZAR LA FUNCIÓN FISCALIZADORA DE LA ASAMBLEA NACIONAL";"2026-03-19";"2026-03-19";"478865";"478865";"INFORME NO VINCULANTE UTL";"No Asignado";null;"SAMANIEGO MAIGUA FRANKLIN OMAR(ASAMBLEÍSTA)"
"PROYECTO DE LEY ORGÁNICA REFORMATORIA AL CÓDIGO ORGÁNICO DE ORDENAMIENTO TERRITORIAL, AUTONOMÍA Y DESCENTRALIZACIÓN COOTAD";"2026-03-19";"2026-03-19";"478866";"478866";"INFORME NO VINCULANTE UTL";"No Asignado";null;"SAMANIEGO MAIGUA FRANKLIN OMAR(ASAMBLEÍSTA)"
"PROYECTO DE LEY REFORMATORIA A LA LEY ORGÁNICA CONTRA LA TRATA DE PERSONAS Y EL TRÁFICO ILÍCITO DE MIGRANTES PARA EL FORTALECIMIENTO DE LA LUCHA CONTRA LA TRATA DE PERSONAS Y EL TRÁFICO ILÍCITO DE MIGRANTES";"2026-03-12";"2026-03-12";"478601";"478601";"CALIFICACIÓN DEL CONSEJO DE ADMINISTRACIÓN LEGISLATIVA (CAL)";"No Asignado";null;"RAMIREZ CHALAN GRACIELA JANETH(ASAMBLEÍSTA)"
"PROYECTO DE LEY REFORMATORIA AL CÓDIGO ORGÁNICO DE ORGANIZACIÓN TERRITORIAL, AUTONOMÍA Y DESCENTRALIZACIÓN PARA ESTABLECER UN CRITERIO DIFERENCIADO DE POBLACIÓN EN LA CREACIÓN DE CANTONES UBICADOS EN LA FRANJA FRONTERIZA Y EN LAS PROVINCIAS AMAZÓNICAS";"2026-03-12";"2026-03-12";"478598";"478598";"CALIFICACIÓN DEL CONSEJO DE ADMINISTRACIÓN LEGISLATIVA (CAL)";"No Asignado";null;"ACUÑA VACA MARIA CRISTINA(ASAMBLEÍSTA)"
"PROYECTO DE LEY REFORMATORIA A LA LEY ORGÁNICA DE EDUCACIÓN SUPERIOR";"2026-03-11";"2026-03-11";"AN-TVAB-2026-0053-M";"AN-TVAB-2026-0053-M";"AVOCO DEL PROYECTO POR PARTE DE LA COMISIÓN";"Comisión de Educación, Cultura, Ciencia, Tecnología, Innovación y Saberes Ancestrales";"2026-03-25";"TAPIA VALLEJO ANA BELEN(ASAMBLEÍSTA)"
"PROYECTO DE LEY ORGÁNICA PARA LA PROTECCIÓN INTEGRAL DURANTE LA MENOPAUSIA Y EL CLIMATERIO";"2026-03-10";"2026-03-10";"AN-SHMJ-2026-0102-M";"AN-SHMJ-2026-0102-M";"AVOCO DEL PROYECTO POR PARTE DE LA COMISIÓN";"Comisión del Derecho a la Salud y el Deporte";"2026-03-25";"SALAZAR HIDALGO MÓNICA DE JESÚS(ASAMBLEÍSTA)"
"PROYECTO DE LEY REFORMATORIA A LA LEY DE RÉGIMEN TRIBUTARIO INTERNO PARA INCENTIVAR LA CONSTRUCCIÓN DE VIVIENDAS DE INTERÉS SOCIAL Y REDUCIR EL DÉFICIT HABITACIONAL";"2026-03-09";"2026-03-09";"478450";"478450";"REGISTRO OFICIAL";"Comisión de Desarrollo Económico, Productivo y la Microempresa";"2026-03-10";"NOBOA AZIN DANIEL ROY-GILCHRIST(PRESIDENCIA DE LA REPÚBLICA)"
"PROYECTO DE LEY ORGÁNICA PARA LA ERRADICACIÓN DE LA VIOLENCIA OBSTÉTRICA";"2026-03-06";"2026-03-06";"AN-BCDP-2026-0030-M";"AN-BCDP-2026-0030-M";"CALIFICACIÓN DEL CONSEJO DE ADMINISTRACIÓN LEGISLATIVA (CAL)";"Comisión del Derecho a la Salud y el Deporte";"2026-03-25";"BLACIO CARRION DIANA PATRICIA(ASAMBLEÍSTA)"
"PROYECTO DE LEY ORGÁNICA REFORMATORIA A LA LEY ORGÁNICA CONTRA LA TRATA DE PERSONAS Y EL TRÁFICO ILÍCITO DE MIGRANTES";"2026-03-04";"2026-03-04";"478271";"478271";"AVOCO DEL PROYECTO POR PARTE DE LA COMISIÓN";"Comisión de Relaciones Internacionales y Movilidad Humana";"2026-03-25";"ORDOÑEZ FUENTES MAURICIO XAVIER(ASAMBLEÍSTA)"
"PROYECTO DE LEY ORGÁNICA REFORMATORIA A LA LEY ORGÁNICA CONTRA LA TRATA DE PERSONAS Y EL TRÁFICO ILÍCITO DE MIGRANTES";"2026-03-04";"2026-03-04";"478292";"478292";"AVOCO DEL PROYECTO POR PARTE DE LA COMISIÓN";"Comisión de Relaciones Internacionales y Movilidad Humana";"2026-03-25";"JARAMILLO ZURITA LUCÍA LIZBETH(ASAMBLEÍSTA)"
"PROYECTO DE LEY ORGÁNICA REFORMATORIA A IA LEY ORGÁNICA PARA LA PLANIFICACIÓN Y DESARROLLO INTEGRAL DE LA CIRCUNSCRIPCIÓN TERRITORIAL ESPECIAL AMAZÓNICA: ""PARA
FORTALECER LA GOBERNANZA, LA TRANSPARENCIA DEL FONDO COMÚN, LA PROTECCIÓN DE DERECHOS Y GARANTIZAR EL CARÁCTER VINCULANTE DE LOS PLANES";"2026-03-04";"2026-03-04";"478273";"273278";"CALIFICACIÓN DEL CONSEJO DE ADMINISTRACIÓN LEGISLATIVA (CAL)";"Comisión de Gobiernos Autónomos, Descentralización, Competencias y Organización del Territorio";"2026-03-25";"CERDA TAPUY EDMUNDO JORGE(ASAMBLEÍSTA)/ NANTIPIA CHUMPI JOSE FERNANDO(ASAMBLEÍSTA)"
"PROYECTO DE LEY ORGÁNICA REFORMATORIA DEL CÓDIGO ORGÁNICO INTEGRAL PENAL PARA APLICAR LA VALORACIÓN DEL RIESGO PROCESAL EN LA PRISIÓN PREVENTIVA";"2026-03-03";"2026-03-03";"AN-JSDA-2026-0037-M";"AN-JSDA-2026-0037-M";"CALIFICACIÓN DEL CONSEJO DE ADMINISTRACIÓN LEGISLATIVA (CAL)";"Comisión de Justicia y Estructura del Estado";"2026-03-25";"JACOME SILVA DIANA ANGELICA(ASAMBLEÍSTA)"
"PROYECTO DE LEY ORGÁNICA REFORMATORIA A LA LEY ORGÁNICA DE EDUCACIÓN INTERCULTURAL";"2026-03-03";"2026-03-03";"478234";"478234";"AVOCO DEL PROYECTO POR PARTE DE LA COMISIÓN";"Comisión de Educación, Cultura, Ciencia, Tecnología, Innovación y Saberes Ancestrales";"2026-03-25";"ACUÑA VACA MARIA CRISTINA(ASAMBLEÍSTA)"
"PROYECTO DE LEY PARA EL FORTALECIMIENTO DE LA SEGURIDAD CIUDADANA Y CONVIVENCIA SOCIAL PACÍFICA";"2026-03-02";"2026-03-02";"478164";"478164";"PROYECTO PRESENTADO";"No Asignado";null;"INICIATIVA POPULAR(INICIATIVA POPULAR)"
"PROYECTO DE LEY REFORMATORIA A LA LEY DE EJERCICIO PROFESIONAL DE LAS ENFERMERAS Y ENFERMEROS DEL ECUADOR";"2026-03-01";"2026-03-01";"AN-AZPA-2026-0007-M";"AN-AZPA-2026-0007-M";"CALIFICACIÓN DEL CONSEJO DE ADMINISTRACIÓN LEGISLATIVA (CAL)";"Comisión del Derecho a la Salud y el Deporte";"2026-03-25";"AGUIRRE ZAMBONINO PAMELA ALEJANDRA(ASAMBLEÍSTA)"
"PROYECTO DE LEY REFORMATORIA A LA LEY QUE ESTABLECE RENTAS EN FAVOR DE LAS PROVINCIAS DE AZUAY, CAÑAR, MORONA SANTIAGO Y TUNGURAHUA POR VENTA DE ENERGÍA ELÉCTRICA (DECRETO LEY NO. 047) PARA GARANTIZAR LA TRANSPARENCIA Y EFICIENCIA EN LA GESTIÓN DE LOS RECURSOS";"2026-02-25";"2026-02-25";"AN-BCAS-2026-0038-M";"AN-BCAS-2026-0038-M";"CALIFICACIÓN DEL CONSEJO DE ADMINISTRACIÓN LEGISLATIVA (CAL)";"Comisión de Régimen Económico y Tributario y su Regulación y Control";"2026-03-25";"BECERRA CONTRERAS ANTHONY SEBASTIAN(ASAMBLEÍSTA)"
"PROYECTO DE LEY ORGÁNICA REFORMATORIA AL CÓDIGO ORGÁNICO INTEGRAL PENAL PARA EL AGRAVAMIENTO DE LA PENA DEL DELITO DE ABIGEATO";"2026-02-10";"2026-02-10";"477527";"477527";"CALIFICACIÓN DEL CONSEJO DE ADMINISTRACIÓN LEGISLATIVA (CAL)";"Comisión de Justicia y Estructura del Estado";"2026-03-04";"BENAVIDES FUENTES CRISTIAN ANDRÉS(ASAMBLEÍSTA)"
"PROYECTO DE LEY ORGÁNICA REFORMATORIA AL CÓDIGO CIVIL";"2026-02-10";"2026-02-10";"477526";"477526";"CALIFICACIÓN DEL CONSEJO DE ADMINISTRACIÓN LEGISLATIVA (CAL)";"Comisión de Justicia y Estructura del Estado";"2026-03-04";"BENAVIDES FUENTES CRISTIAN ANDRÉS(ASAMBLEÍSTA)"
"PROYECTO DE LEY ORGÁNICA REFORMATORIA A VARIOS CUERPOS LEGALES PARA PROTEGER EL USO LEGÍTIMO DE UNIFORMES E INSIGNIAS INSTITUCIONALES";"2026-02-10";"2026-02-10";"477533";"477533";"AVOCO DEL PROYECTO POR PARTE DE LA COMISIÓN";"Comisión de Soberanía, Integración y Seguridad Integral";"2026-03-04";"DUEÑAS PALMA GEMA KAROLINA(ASAMBLEÍSTA)"
"PROYECTO DE LEY REFORMATORIA A LA LEY QUE ESTABLECE RENTAS EN FAVOR DE LAS PROVINCIAS DE AZUAY, CAÑAR, MORONA SANTIAGO Y TUNGURAHUA POR VENTA DE ENERGÍA ELÉCTRICA (DECRETO LEY NO. 047) PARA GARANTIZAR LA TRANSPARENCIA Y EFICIENCIA EN LA GESTIÓN DE LOS RECURSOS (477503)";"2026-02-10";"2026-02-10";"477503";"477503";"CALIFICACIÓN DEL CONSEJO DE ADMINISTRACIÓN LEGISLATIVA (CAL)";"No se Asigna Comisión por calificación Negada";"2026-02-19";"BECERRA CONTRERAS ANTHONY SEBASTIAN(ASAMBLEÍSTA)"
"PROYECTO DE LEY ORGÁNICA INTERCULTURAL PARA EL DESARROLLO AGROPECUARIO Y EL FORTALECIMIENTO DEL PEQUEÑO Y MEDIANO PRODUCTOR";"2026-02-06";"2026-02-06";"477382";"477382";"CALIFICACIÓN DEL CONSEJO DE ADMINISTRACIÓN LEGISLATIVA (CAL)";"Comisión de Soberanía Alimentaria y Desarrollo del Sector Agropecuario y Pesquero";"2026-02-19";"YUMBAY YALLICO MARIANA(ASAMBLEÍSTA)"
"PROYECTO DE LEY ORGÁNICA DE LA PROTECCIÓN DE LA SOBERANÍA NACIONAL Y REVISIÓN DE LA INVERSIÓN EXTRANJERA DIRECTA";"2026-02-05";"2026-02-05";"477347";"477347";"CALIFICACIÓN DEL CONSEJO DE ADMINISTRACIÓN LEGISLATIVA (CAL)";"No Asignado";null;"TOAPANTA JAMI ALEX FABRICIO(ASAMBLEÍSTA)"
"PROYECTO DE LEY REFORMATORIA AL CÓDIGO DE LA NIÑEZ Y ADOLESCENCIA PARA EL FORTALECIMIENTO DE LA RESPONSABILIDAD PENAL JUVENIL";"2026-02-05";"2026-02-05";"477331";"477331";"CALIFICACIÓN DEL CONSEJO DE ADMINISTRACIÓN LEGISLATIVA (CAL)";"Comisión de Transparencia, Participación Ciudadana y Control Social";"2026-02-19";"JARAMILLO MARTÍNEZ ROBERTO FERNANDO(ASAMBLEÍSTA)"
"PROYECTO DE LEY REFORMATORIA A LA LEY ORGÁNICA DE SALUD PARA LA MODERNIZACIÓN Y DIGITALIZACIÓN DE LOS SERVICIOS DE SALUD";"2026-02-05";"2026-02-05";"477338";"477338";"CALIFICACIÓN DEL CONSEJO DE ADMINISTRACIÓN LEGISLATIVA (CAL)";"Comisión del Derecho a la Salud y el Deporte";"2026-02-19";"VILLACRES SALAZAR CARLOS STEVE(ASAMBLEÍSTA)"
"PROYECTO DE LEY ORGÁNICA REFORMATORIA A LA LEY ORGÁNICA DE TELECOMUNICACIONES, AL CÓDIGO ORGÁNICO INTEGRAL PENAL Y A LA LEY ORGÁNICA DE INTELIGENCIA PARA COMBATIR LAS TELECOMUNICACIONES NO AUTORIZADAS DESDE CENTROS DE PRIVACIÓN DE LA LIBERTAD";"2026-01-28";"2026-01-28";"476899";"476899";"CALIFICACIÓN DEL CONSEJO DE ADMINISTRACIÓN LEGISLATIVA (CAL)";"Comisión de Soberanía, Integración y Seguridad Integral";"2026-02-19";"ÁLVAREZ ZAMBRANO FERDINAN ARTURO(ASAMBLEÍSTA)"
"PROYECTO DE LEY ORGÁNICA REFORMATORIA AL CÓDIGO ORGÁNICO DE ORGANIZACIÓN TERRITORIAL, AUTONOMÍA Y DESCENTRALIZACIÓN PARA LA SOSTENIBILIDAD Y EFICIENCIA DEL GASTO DE LOS GOBIERNOS AUTÓNOMOS DESCENTRALIZADOS";"2026-01-28";"2026-01-28";"476878";"476878";"REGISTRO OFICIAL";"Comisión de Desarrollo Económico, Productivo y la Microempresa";"2026-02-01";"NOBOA AZIN DANIEL ROY-GILCHRIST(PRESIDENCIA DE LA REPÚBLICA)"
"PROYECTO DE LEY REFORMATORIA AL CÓDIGO ORGÁNICO INTEGRAL PENAL, RESPECTO DE LAS LESIONES TIPIFICADAS EN EL ARTÍCULO 152";"2026-01-28";"2026-01-28";"476924";"476924";"CALIFICACIÓN DEL CONSEJO DE ADMINISTRACIÓN LEGISLATIVA (CAL)";"No se Asigna Comisión por calificación Negada";"2026-02-06";"CASANOVA MONTESINO LIZARDO MANUEL(ASAMBLEÍSTA)"
"PROYECTO DE LEY ORGÁNICA PARA EL FORTALECIMIENTO DE LOS SECTORES ESTRATÉGICOS DE MINERÍA Y ENERGÍA";"2026-01-28";"2026-01-28";"476879";"476879";"REGISTRO OFICIAL";"Comisión de Desarrollo Económico, Productivo y la Microempresa";"2026-02-01";"NOBOA AZIN DANIEL ROY-GILCHRIST(PRESIDENCIA DE LA REPÚBLICA)"
"PROYECTO DE LEY ORGÁNICA REFORMATORIA A LA LEY ORGÁNICA DE TRANSPORTE TERRESTRE, TRÁNSITO Y SEGURIDAD VIAL";"2026-01-28";"2026-01-28";"476914";"476914";"CALIFICACIÓN DEL CONSEJO DE ADMINISTRACIÓN LEGISLATIVA (CAL)";"Comisión de Desarrollo Económico, Productivo y la Microempresa";"2026-02-19";"CABRERA CHACÓN SARA NOEMÍ(ASAMBLEÍSTA)"
"PROYECTO DE LEY PROYECTO DE LEY ORGÁNICA DE INSTITUCIONALIZACIÓN Y FORTALECIMIENTO DEL SERVICIO ECUATORIANO DE CAPACITACIÓN PROFESIONAL SECAP";"2026-01-28";"2026-01-28";"AN-VMNR-2026-0008-M";"AN-VMNR-2026-0008-M";"CALIFICACIÓN DEL CONSEJO DE ADMINISTRACIÓN LEGISLATIVA (CAL)";"Comisión de Desarrollo Económico, Productivo y la Microempresa";"2026-02-19";"VEGA MORILLO NUVIA ROCIO(ASAMBLEÍSTA)"
"PROYECTO DE LEY ORGÁNICA PARA EL DESARROLLO AGROINDUSTRIAL SOSTENIBLE, INCLUSIVO E INNOVADOR";"2026-01-27";"2026-01-27";"476838";"476838";"CALIFICACIÓN DEL CONSEJO DE ADMINISTRACIÓN LEGISLATIVA (CAL)";"No se Asigna Comisión por calificación Negada";"2026-02-06";"MÉNDEZ ROJAS FERNANDA MABEL(ASAMBLEÍSTA)/ SALAS BARRIGA DIEGO ENRIQUE(ASAMBLEÍSTA)"
"PROYECTO DE LEY ORGÁNICA DE DILIGENCIA EMPRESARIAL PARA LA PROTECCIÓN DE LOS DERECHOS HUMANOS, LA NATURALEZA Y EL AMBIENTE";"2026-01-27";"2026-01-27";"476839";"476839";"CALIFICACIÓN DEL CONSEJO DE ADMINISTRACIÓN LEGISLATIVA (CAL)";"No se Asigna Comisión por calificación Negada";"2026-02-06";"MÉNDEZ ROJAS FERNANDA MABEL(ASAMBLEÍSTA)/ SALAS BARRIGA DIEGO ENRIQUE(ASAMBLEÍSTA)"
"PROYECTO DE LEY ORGÁNICA REFORMATORIA A LA LEY ORGÁNICA DE MOVILIDAD HUMANA";"2026-01-22";"2026-01-22";"476618";"476618";"CALIFICACIÓN DEL CONSEJO DE ADMINISTRACIÓN LEGISLATIVA (CAL)";"No se Asigna Comisión por calificación Negada";"2026-02-06";"ALVARADO ESPINEL MARCOS HUMBERTO(ASAMBLEÍSTA)"
"PROYECTO DE LEY ORGÁNICA REFORMATORIA PARA LA PREVENCIÓN Y ERRADICACIÓN DEL RECLUTAMIENTO, USO Y UTILIZACIÓN DE NIÑAS, NIÑOS Y ADOLESCENTES";"2026-01-21";"2026-01-21";"476544";"476544";"AVOCO DEL PROYECTO POR PARTE DE LA COMISIÓN";"Comisión de Transparencia, Participación Ciudadana y Control Social";"2026-01-23";"CENTENO ARTEAGA VALENTINA(ASAMBLEÍSTA)"
"PROYECTO DE LEY REFORMATORIO A LA LEY ORGÁNICA DE SERVICIO PÚBLICO Y AL CÓDIGO DE TRABAJO PARA LA INCLUSIÓN DEL 5 DE AGOSTO DE 1820 COMO FECHA CÍVICA NACIONAL DE LA REPÚBLICA DEL ECUADOR";"2026-01-20";"2026-01-20";"AN-GTFV-2026-0001-M";"AN-GTFV-2026-0001-M";"AVOCO DEL PROYECTO POR PARTE DE LA COMISIÓN";"Comisión de Educación, Cultura, Ciencia, Tecnología, Innovación y Saberes Ancestrales";"2026-01-23";"GEORGE TENORIO FRICSON VINICIO(ASAMBLEÍSTA)"
"PROYECTO DE LEY ORGÁNICA REFORMATORIA AL CÓDIGO ORGÁNICO MONETARIO Y FINANCIERO PARA LA PROTECCIÓN, ESTABLECIMIENTO DE LA PRELACIÓN PREFERENTE Y RESTITUCIÓN DE LAS ACREENCIAS POR DEPÓSITOS DE PERSONAS NATURALES EN PROCESOS DE LIQUIDACIÓN FORZOSA DE ENTIDADES FINANCIERAS";"2026-01-20";"2026-01-20";"AN-CPAE-2026-0013-M";"AN-CPAE-2026-0013-M";"AVOCO DEL PROYECTO POR PARTE DE LA COMISIÓN";"Comisión de Régimen Económico y Tributario y su Regulación y Control";"2026-01-28";"CASTRO PIEDRA ADRIÁN ERNESTO(ASAMBLEÍSTA)"
"PROYECTO DE LEY PROYECTO DE LEY ORGÁNICA REFORMATORIA A LA LEY ORGÁNICA DE GESTIÓN DE LA IDENTIDAD Y DATOS CIVILES Y A LA LEY DEL SISTEMA NACIONAL DE REGISTRO DE DATOS PÚBLICOS, PARA GARANTIZAR LA VALIDEZ Y ACEPTACIÓN DE LA CÉDULA EN FORMATO FÍSICO O DIGITAL";"2026-01-20";"2026-01-20";"476519";"476519";"CALIFICACIÓN DEL CONSEJO DE ADMINISTRACIÓN LEGISLATIVA (CAL)";"Comisión de Justicia y Estructura del Estado";"2026-02-06";"NANTIPIA CHUMPI JOSE FERNANDO(ASAMBLEÍSTA)"
"PROYECTO DE LEY DE TECNOLOGÍA, EQUIDAD Y FUTURO PARA EL AGRO";"2026-01-16";"2026-01-16";"AN-MDMA-2026-0002-M";"AN-MDMA-2026-0002-M";"CALIFICACIÓN DEL CONSEJO DE ADMINISTRACIÓN LEGISLATIVA (CAL)";"Comisión de Soberanía Alimentaria y Desarrollo del Sector Agropecuario y Pesquero";"2026-01-28";"MANCHENO DAVILA MISHEL ANDREA(ASAMBLEÍSTA)"
"PROYECTO DE LEY ORGÁNICA REFORMATORIA A LA LEY ORGÁNICA DE INTERÉS SOCIAL";"2026-01-15";"2026-01-15";"476369";"476369";"CALIFICACIÓN DEL CONSEJO DE ADMINISTRACIÓN LEGISLATIVA (CAL)";"Comisión de Gobiernos Autónomos, Descentralización, Competencias y Organización del Territorio";"2026-01-28";"TERÁN BARRAGÁN JOHNNY ENRIQUE(ASAMBLEÍSTA)"
"PROYECTO DE LEY ORGÁNICA REFORMATORIA DEL CÓDIGO ORGÁNICO INTEGRAL PENAL";"2026-01-15";"2026-01-15";"476315";"476315";"CALIFICACIÓN DEL CONSEJO DE ADMINISTRACIÓN LEGISLATIVA (CAL)";"No se Asigna Comisión por calificación Negada";"2026-01-28";"LEON CUEVA CAMILA(ASAMBLEÍSTA)"
"PROYECTO DE LEY ORGÁNICA REFORMATORIA A LA LEY ORGÁNICA DE MOVILIDAD HUMANA";"2026-01-15";"2026-01-15";"476321";"476321";"CALIFICACIÓN DEL CONSEJO DE ADMINISTRACIÓN LEGISLATIVA (CAL)";"No se Asigna Comisión por calificación Negada";"2026-01-23";"MIRANDA IDROVO JORGE ERNESTO(ASAMBLEÍSTA)"
"PROYECTO DE LEY ORGÁNICA REFORMATORIA AL CÓDIGO ORGÁNICO GENERAL DE PROCESOS PARA LA EFICIENCIA DEL SISTEMA PROCESAL";"2026-01-15";"2026-01-15";"476315";"476315";"PROYECTO PRESENTADO";"No Asignado";null;"LEON CUEVA CAMILA(ASAMBLEÍSTA)"
"PROYECTO DE LEY REFORMATORIA A LA CODIFICACIÓN DE LA LEY ORGÁNICA DE EDUCACIÓN INTERCULTURAL";"2026-01-08";"2026-01-08";"476079";"476079";"CALIFICACIÓN DEL CONSEJO DE ADMINISTRACIÓN LEGISLATIVA (CAL)";"Comisión de Educación, Cultura, Ciencia, Tecnología, Innovación y Saberes Ancestrales";"2026-01-23";"FARINANGO DELGADO NATHALY ESTEFANIA(ASAMBLEÍSTA)"
"PROYECTO DE LEY ORGÁNICA DE SEGURIDAD PARA PROTECCIÓN DE MUJERES VÍCTIMAS DE VIOLENCIA DE GÉNERO";"2026-01-07";"2026-01-07";"AN-JZPM-2026-0006-M";"AN-JZPM-2026-0006-M";"CALIFICACIÓN DEL CONSEJO DE ADMINISTRACIÓN LEGISLATIVA (CAL)";"No Asignado";null;"JARAMILLO ZURITA PAOLA MICHAEL(ASAMBLEÍSTA)"
"PROYECTO DE LEY PROYECTO DE LEY REFORMATORIA A LA LEY CONSTITUTIVA DEL INSTITUTO NACIONAL DE INVESTIGACIONES AGROPECUARIAS - INIAP";"2026-01-07";"2026-01-07";"476054";"476054";"CALIFICACIÓN DEL CONSEJO DE ADMINISTRACIÓN LEGISLATIVA (CAL)";"Comisión de Soberanía Alimentaria y Desarrollo del Sector Agropecuario y Pesquero";"2026-01-23";"HERRERA GÓMEZ ANA CECILIA(ASAMBLEÍSTA)"
"PROYECTO DE LEY ORGÁNICA REFORMATORIA A LA LEY ORGÁNICA DE MOVILIDAD HUMANA  PARA LA REGULACIÓN Y EJECUCIÓN DE PROCESOS DE DEPORTACIÓN MASIVA";"2026-01-07";"2026-01-07";"476064";"476064";"AVOCO DEL PROYECTO POR PARTE DE LA COMISIÓN";"Comisión de Relaciones Internacionales y Movilidad Humana";"2026-01-23";"LAVAYEN TAMAYO JOHNNY ALFREDO(ASAMBLEÍSTA)/ MATOVELLE VERA DIEGO FERNANDO(ASAMBLEÍSTA)"
"PROYECTO DE LEY ORGÁNICA REFORMATORIA A LA CODIFICACIÓN DE LA LEY ORGÁNICA DE EDUCACIÓN INTERCULTURAL PARA MEJORAR LA GESTIÓN DEL SISTEMA NACIONAL DE EDUCACIÓN";"2025-12-31";"2025-12-31";"AN-ZRHP-2025-0090-M";"AN-ZRHP-2025-0090-M";"CALIFICACIÓN DEL CONSEJO DE ADMINISTRACIÓN LEGISLATIVA (CAL)";"Comisión de Educación, Cultura, Ciencia, Tecnología, Innovación y Saberes Ancestrales";"2026-01-23";"ZAPATA ROJAS HERNÁN PATRICIO(ASAMBLEÍSTA)"
"PROYECTO DE LEY ORGÁNICA REFORMATORIA A LA LEY ORGÁNICA DE LA ECONOMÍA POPULAR Y SOLIDARIA";"2025-12-21";"2025-12-21";"AN-PAMK-2025-0077-M";"AN-PAMK-2025-0077-M";"CALIFICACIÓN DEL CONSEJO DE ADMINISTRACIÓN LEGISLATIVA (CAL)";"No se Asigna Comisión por calificación Negada";"2026-01-09";"PAZMIÑO ARREGUI MIREYA KATERINE(ASAMBLEÍSTA)"
"PROYECTO DE LEY ORGÁNICA DE RÉGIMEN TEMPORAL ESPECIAL PARA LA PROVINCIA DE BOLÍVAR";"2025-12-21";"2025-12-21";"AN-PAMK-2025-0076-M";"AN-PAMK-2025-0076-M";"CALIFICACIÓN DEL CONSEJO DE ADMINISTRACIÓN LEGISLATIVA (CAL)";"No se Asigna Comisión por calificación Negada";"2026-01-09";"PAZMIÑO ARREGUI MIREYA KATERINE(ASAMBLEÍSTA)"
"PROYECTO DE LEY ORGÁNICA PARA LA INTEGRIDAD Y TRANSPARENCIA EN LAS COMPETICIONES DEPORTIVAS";"2025-12-19";"2025-12-19";"AN-CMAF-2025-0136-M";"AN-CMAF-2025-0136-M";"CALIFICACIÓN DEL CONSEJO DE ADMINISTRACIÓN LEGISLATIVA (CAL)";"Comisión del Derecho a la Salud y el Deporte";"2026-01-09";"CASTILLO MALDONADO ANDRES FELIPE(ASAMBLEÍSTA)"
"PROYECTO DE LEY ORGÁNICA REFORMATORIA A LA LEY ORGÁNICA DE DEFENSA AL CONSUMIDOR";"2025-12-19";"2025-12-19";"475614";"475614";"CALIFICACIÓN DEL CONSEJO DE ADMINISTRACIÓN LEGISLATIVA (CAL)";"Comisión de Desarrollo Económico, Productivo y la Microempresa";"2026-01-09";"JACOME MEJIA LUIS FERNANDO(ASAMBLEÍSTA)"
"PROYECTO DE LEY ORGÁNICA REFORMATORIA A LA LEY ORGÁNICA INTEGRAL PARA PREVENIR Y ERRADICAR LA VIOLENCIA CONTRA LAS MUJERES, PARA INCORPORAR, PREVENIR, SANCIONAR Y REPARAR LA VIOLENCIA DIGITAL";"2025-12-19";"2025-12-19";"475581";"475581";"CALIFICACIÓN DEL CONSEJO DE ADMINISTRACIÓN LEGISLATIVA (CAL)";"Comisión de Transparencia, Participación Ciudadana y Control Social";"2026-01-23";"DUEÑAS PALMA GEMA KAROLINA(ASAMBLEÍSTA)"
"PROYECTO DE LEY ORGÁNICA REFORMATORIA A LA LEY ORGÁNICA DE DEFENSA AL CONSUMIDOR PARA GARANTIZAR LOS DERECHOS DE LOS CLIENTES ANTE DEFICIENCIAS EN LOS SERVICIOS Y PRÁCTICAS ECONÓMICAS Y ABUSIVAS";"2025-12-19";"2025-12-19";"AN-HYCA-2025-0136-M";"AN-HYCA-2025-0136-M";"CALIFICACIÓN DEL CONSEJO DE ADMINISTRACIÓN LEGISLATIVA (CAL)";"Comisión de Desarrollo Económico, Productivo y la Microempresa";"2026-01-09";"HERNANDEZ YUNDA CHRISTIAN ALBERTO(ASAMBLEÍSTA)"
"PROYECTO DE LEY ORGÁNICA DE LA PROCURADURÍA GENERAL DEL ESTADO";"2025-12-19";"2025-12-19";"475600";"475600";"CALIFICACIÓN DEL CONSEJO DE ADMINISTRACIÓN LEGISLATIVA (CAL)";"Comisión de Justicia y Estructura del Estado";"2026-01-09";"LARREA VALENCIA JUAN CARLOS(PROCURADURIA GENERAL DEL ESTADO)"
"PROYECTO DE LEY REFORMATORIA DE LA LEY GENERAL DE SEGUROS";"2025-12-19";"2025-12-19";"475619";"475619";"CALIFICACIÓN DEL CONSEJO DE ADMINISTRACIÓN LEGISLATIVA (CAL)";"Comisión de Régimen Económico y Tributario y su Regulación y Control";"2026-01-09";"YUMBAY YALLICO MARIANA(ASAMBLEÍSTA)"
"PROYECTO DE LEY ORGÁNICA REFORMATORIA AL CÓDIGO ORGÁNICO INTEGRAL PENAL PARA PREVENIR Y SANCIONAR EL USO FRAUDULENTO DE LAS FIGURAS DE PROTECCIÓN MIGRATORIA";"2025-12-18";"2025-12-18";"475557";"475557";"CALIFICACIÓN DEL CONSEJO DE ADMINISTRACIÓN LEGISLATIVA (CAL)";"Comisión de Justicia y Estructura del Estado";"2026-01-09";"RAMIREZ CHALAN GRACIELA JANETH(ASAMBLEÍSTA)"
"PROYECTO DE LEY ORGÁNICA REFORMATORIA AL LIBRO III DEL CÓDIGO DE LA NIÑEZ Y ADOLESCENCIA, REFERENTE AL SISTEMA NACIONAL DESCENTRALIZADO DE PROTECCIÓN INTEGRAL A LA NIÑEZ Y ADOLESCENCIA";"2025-12-18";"2025-12-18";"475547";"475547";"CALIFICACIÓN DEL CONSEJO DE ADMINISTRACIÓN LEGISLATIVA (CAL)";"No se Asigna Comisión por calificación Negada";"2026-01-09";"SAMANIEGO MAIGUA FRANKLIN OMAR(ASAMBLEÍSTA)"
"PROYECTO DE LEY ORGÁNICA REFORMATORIA AL CÓDIGO ORGÁNICO INTEGRAL PENAL PARA GARANTIZAR LOS DERECHOS DE LOS ANIMALES";"2025-12-18";"2025-12-18";"475550";"475550";"CALIFICACIÓN DEL CONSEJO DE ADMINISTRACIÓN LEGISLATIVA (CAL)";"Comisión de Justicia y Estructura del Estado";"2026-01-09";"SAMANIEGO MAIGUA FRANKLIN OMAR(ASAMBLEÍSTA)"
"PROYECTO DE LEY ORGÁNICA REFORMATORIA A LA LEY ORGÁNICA DEL RÉGIMEN DE LA SOBERANÍA ALIMENTARIA";"2025-12-18";"2025-12-18";"475534";"475534";"CALIFICACIÓN DEL CONSEJO DE ADMINISTRACIÓN LEGISLATIVA (CAL)";"Comisión de Soberanía Alimentaria y Desarrollo del Sector Agropecuario y Pesquero";"2026-01-09";"TIUPUL URQUIZO CARMEN YOLANDA(ASAMBLEÍSTA)"
"PROYECTO DE REFORMA A LA LEY ORGÁNICA DE LA FUNCIÓN LEGISLATIVA PARA GARANTIZAR LA FUNCIÓN FISCALIZADORA DE LA ASAMBLEA NACIONAL";"2025-12-18";"2025-12-18";"475549";"475549";"CALIFICACIÓN DEL CONSEJO DE ADMINISTRACIÓN LEGISLATIVA (CAL)";"No se Asigna Comisión por calificación Negada";"2026-01-23";"SAMANIEGO MAIGUA FRANKLIN OMAR(ASAMBLEÍSTA)"
"PROYECTO DE LEY ORGÁNICA REFORMATORIA A LA LEY ORGÁNICA DE LA FUNCIÓN LEGISLATIVA PARA FORTALECER LA REPRESENTACIÓN DEMOCRÁTICA, LA DELIBERACIÓN PLURAL Y LA PARTICIPACIÓN EFECTIVA EN LA FUNCIÓN LEGISLATIVA";"2025-12-18";"2025-12-18";"475555";"475555";"CALIFICACIÓN DEL CONSEJO DE ADMINISTRACIÓN LEGISLATIVA (CAL)";"Comisión de Justicia y Estructura del Estado";"2026-01-09";"MATEUS ACOSTA GUSTAVO ENRIQUE(ASAMBLEÍSTA)"
"PROYECTO DE LEY REFORMATORIA PARA GARANTIZAR LA RESTITUCIÓN DE AHORROS Y LA PROTECCIÓN DE LOS SOCIOS EN LA LIQUIDACIÓN FORZOSA DE COOPERATIVAS";"2025-12-18";"2025-12-18";"475535";"475535";"AVOCO DEL PROYECTO POR PARTE DE LA COMISIÓN";"Comisión de Régimen Económico y Tributario y su Regulación y Control";"2026-01-09";"TIUPUL URQUIZO CARMEN YOLANDA(ASAMBLEÍSTA)"
"PROYECTO DE LEY ORGÁNICA REFORMATORIA A LA LEY ORGÁNICA DE SERVICIO PÚBLICO Y AL CÓDIGO ORGÁNICO DEL TRABAJO POR LA INCLUSIÓN DEL 5 DE AGOSTO DE 1820 COMO FECHA CÍVICA NACIONAL DE LA REPÚBLICA DEL ECUADOR";"2025-12-18";"2025-12-18";"475531";"475531";"CALIFICACIÓN DEL CONSEJO DE ADMINISTRACIÓN LEGISLATIVA (CAL)";"No se Asigna Comisión por calificación Negada";"2026-01-09";"GEORGE TENORIO FRICSON VINICIO(ASAMBLEÍSTA)"
"PROYECTO DE LEY REFORMATORIA A LA LEY DE DEFENSA DEL ARTESANO PARA LA INCLUSIÓN PRODUCTIVA DE LAS PERSONAS ECUATORIANAS MIGRANTES RETORNADAS";"2025-12-18";"2025-12-18";"475554";"475554";"CALIFICACIÓN DEL CONSEJO DE ADMINISTRACIÓN LEGISLATIVA (CAL)";"Comisión de Desarrollo Económico, Productivo y la Microempresa";"2026-01-09";"MATEUS ACOSTA GUSTAVO ENRIQUE(ASAMBLEÍSTA)"
"PROYECTO DE LEY ORGÁNICA REFORMATORIA A LA LEY ORGÁNICA DE JUVENTUDES";"2025-12-17";"2025-12-17";"475478";"475478";"CALIFICACIÓN DEL CONSEJO DE ADMINISTRACIÓN LEGISLATIVA (CAL)";"No Asignado";null;"QUINTANA TAPIA NAILA VICTORIA(ASAMBLEÍSTA)"
"PROYECTO DE LEY REFORMATORIA AL CÓDIGO DE LA NIÑEZ Y ADOLESCENCIA PARA REFORZAR EL DERECHO A LA DIGNIDAD, REPUTACIÓN, HONOR E IMAGEN DE NIÑOS, NIÑAS Y ADOLESCENTES";"2025-12-17";"2025-12-17";"475485";"475485";"INFORME PARA PRIMER DEBATE";"Comisión de Protección Integral a Niñas, Niños y Adolescentes";"2026-01-09";"PACHECO MACHUCA KATHERINE ALEXANDRA(ASAMBLEÍSTA)"
"PROYECTO DE LEY ORGÁNICA REFORMATORIA A LA LEY ORGÁNICA DE LAS PERSONAS CON DISCAPACIDAD, PARA FORTALECER LA INCLUSIÓN, GARANTIZAR LA PLENA AUTONOMÍA Y ARMONIZAR LA NORMATIVA CON LOS ESTÁNDARES DE LA CONVENCIÓN SOBRE LOS DERECHOS DE LAS PERSONAS CON DISCAPACIDAD Y LA CONSTITUCIÓN";"2025-12-17";"2025-12-17";"475495";"475495";"RETIRADO";"Comisión de Garantías Constitucionales, Derechos Humanos, Derechos Colectivos y la Interculturalidad";"2026-01-09";"BLACIO CARRION DIANA PATRICIA(ASAMBLEÍSTA)"
"PROYECTO DE LEY ORGÁNICA REFORMATORIA A LA LEY ORGÁNICA DE MOVILIDAD HUMANA PARA LA REGULACIÓN Y EJECUCIÓN DE PROCESOS DE DEPORTACIÓN MASIVA";"2025-12-17";"2025-12-17";"475498";"475498";"RETIRADO";"No Asignado";null;"LAVAYEN TAMAYO JOHNNY ALFREDO(ASAMBLEÍSTA)"
"PROYECTO DE LEY REFORMATORIA AL CÓDIGO DE LA NIÑEZ Y ADOLESCENCIA";"2025-12-17";"2025-12-17";"475477";"475477";"PROYECTO PRESENTADO";"No Asignado";null;"GALLARDO RUIZ KEEVIN FERNANDO(ASAMBLEÍSTA)"
"PROYECTO DE LEY ORGÁNICA REFORMATORIA AL CÓDIGO ORGÁNICO INTEGRAL PENAL PARA LA APLICACIÓN PROPORCIONAL DE LAS INFRACCIONES DE TRÁNSITO SIN RESULTADO DE MUERTE";"2025-12-17";"2025-12-17";"475530";"475530";"CALIFICACIÓN DEL CONSEJO DE ADMINISTRACIÓN LEGISLATIVA (CAL)";"Comisión de Justicia y Estructura del Estado";"2026-01-09";"NANGO CUJI JOSE LUIS(ASAMBLEÍSTA)"
"PROYECTO DE LEY ORGÁNICA REFORMATORIA  A LA LEY ORGÁNICA DE ALIMENTACIÓN ESCOLAR, PARA LA GARANTÍA DE LA ALIMENTACIÓN SALUDABLE Y EL CONTROL DE BARES ESCOLARES";"2025-12-17";"2025-12-17";"475502";"475502";"CALIFICACIÓN DEL CONSEJO DE ADMINISTRACIÓN LEGISLATIVA (CAL)";"No se Asigna Comisión por calificación Negada";"2026-01-09";"TAMAYO TRIVIÑO JORGE FABRICIO(ASAMBLEÍSTA)"
"PROYECTO DE LEY PROYECTO DE LEY ORGÁNICA REFORMATORIA  A LA LEY ORGÁNICA DE SALUD PARA RECONOCER EL USO DEL SOMBRERO DE PAJA TOQUILLA COMO MEDIDA DE PREVENCIÓN DEL CÁNCER DE PIEL";"2025-12-17";"2025-12-17";"475506";"475506";"CALIFICACIÓN DEL CONSEJO DE ADMINISTRACIÓN LEGISLATIVA (CAL)";"Comisión del Derecho a la Salud y el Deporte";"2026-01-09";"MACHADO CLAVIJO GERARDO EUGENIO(ASAMBLEÍSTA)"
"PROYECTO DE LEY REFORMATORIA A LA LEY ORGÁNICA DE SALUD";"2025-12-17";"2025-12-17";"475493";"475493";"CALIFICACIÓN DEL CONSEJO DE ADMINISTRACIÓN LEGISLATIVA (CAL)";"Comisión del Derecho a la Salud y el Deporte";"2026-01-09";"CEVALLOS MACÍAS FRANCISCO ANDRES(ASAMBLEÍSTA)"
"PROYECTO DE LEY ORGÁNICA REFORMATORIA  A LA LEY ORGÁNICA DE FOMENTO ARTESANAL  PARA EL RECONOCIMIENTO Y FOMENTO DEL TEJIDO DE LA PAJA TOQUILLA Y DEL SOMBRERO DE PAJA TOQUILLA";"2025-12-17";"2025-12-17";"475501";"475501";"CALIFICACIÓN DEL CONSEJO DE ADMINISTRACIÓN LEGISLATIVA (CAL)";"No se Asigna Comisión por calificación Negada";"2026-01-09";"MACHADO CLAVIJO GERARDO EUGENIO(ASAMBLEÍSTA)"
"PROYECTO DE LEY PROYECTO DE LEY ORGÁNICA REFORMATORIA A LA LEY ORGÁNICA DE LA ECONOMÍA POPULAR Y SOLIDARIA PARA GARANTIZAR LA DEMOCRACIA INTERNA";"2025-12-17";"2025-12-17";"475510";"475510";"CALIFICACIÓN DEL CONSEJO DE ADMINISTRACIÓN LEGISLATIVA (CAL)";"Comisión de Desarrollo Económico, Productivo y la Microempresa";"2026-01-09";"GUSCHMER TAMARIZ MARCELO ANDRES(ASAMBLEÍSTA)"
"PROYECTO DE LEY ORGÁNICA REFORMATORIA AL CÓDIGO ORGÁNICO DEL AMBIENTE EN MATERIA DE PATRIMONIO FORESTAL NACIONAL E INCENTIVOS DE CONSERVACIÓN";"2025-12-17";"2025-12-17";"475508";"475508";"CALIFICACIÓN DEL CONSEJO DE ADMINISTRACIÓN LEGISLATIVA (CAL)";"No se Asigna Comisión por calificación Negada";"2026-01-09";"TUALA MUNTZA SEGUNDO EUSTAQUIO(ASAMBLEÍSTA)"
"PROYECTO DE LEY ORGÁNICA REFORMATORIA A LA LEY ORGÁNICA DE SANIDAD AGROPECUARIA PARA ESTABLECER EL RÉGIMEN DE PLAGAS PRIORITARIAS DE ALTO IMPACTO (PPAI) Y LA PREVENCIÓN, VIGILANCIA Y RESPUESTA FRENTE A FUSARIUM OXYSPORUM F. SP. CUBENSE RAZA 4 TROPICAL (TR4)";"2025-12-17";"2025-12-17";"475520";"475520";"CALIFICACIÓN DEL CONSEJO DE ADMINISTRACIÓN LEGISLATIVA (CAL)";"No se Asigna Comisión por calificación Negada";"2026-01-09";"SALAS BARRIGA DIEGO ENRIQUE(ASAMBLEÍSTA)"
"PROYECTO DE LEY ORGÁNICA REFORMATORIA AL CÓDIGO ORGÁNICO INTEGRAL PENAL Y AL RÉGIMEN ADUANERO EN LO RELATIVO A LA COORDINACIÓN PENAL ADMINISTRATIVA EN MATERIA DE CONTRABANDO Y DEFRAUDACIÓN ADUANERA";"2025-12-17";"2025-12-17";"475518";"475518";"CALIFICACIÓN DEL CONSEJO DE ADMINISTRACIÓN LEGISLATIVA (CAL)";"Comisión de Justicia y Estructura del Estado";"2026-01-09";"SALAS BARRIGA DIEGO ENRIQUE(ASAMBLEÍSTA)"
"PROYECTO DE LEY REFORMATORIA A LA LEY DE TURISMO PARA LA INCORPORACIÓN DEL RÉGIMEN JURÍDICO DEL ECOTURISMO";"2025-12-17";"2025-12-17";"475490";"475490";"CALIFICACIÓN DEL CONSEJO DE ADMINISTRACIÓN LEGISLATIVA (CAL)";"Comisión de Bodiversidad y Recursos Naturales";"2026-01-09";"BUSTOS SALAZAR JANETH KATHERINE(ASAMBLEÍSTA)"
"PROYECTO DE LEY ORGÁNICA REFORMATORIA AL CÓDIGO ORGÁNICO INTEGRAL PENAL PARA SANCIONAR LA RESPONSABILIDAD PENAL DE LAS PERSONAS JURÍDICAS EN EL LAVADO DE ACTIVOS Y LA FINANCIACIÓN DE DELITOS";"2025-12-17";"2025-12-17";"475497";"475497";"CALIFICACIÓN DEL CONSEJO DE ADMINISTRACIÓN LEGISLATIVA (CAL)";"Comisión de Justicia y Estructura del Estado";"2026-01-09";"LAVAYEN TAMAYO JOHNNY ALFREDO(ASAMBLEÍSTA)"
"PROYECTO DE LEY ORGÁNICA REFORMATORIA  A LA LEY ORGÁNICA DE CULTURA  PARA EL RECONOCIMIENTO Y SALVAGUARDIA DEL TEJIDO TRADICIONAL DE LA PAJA TOQUILLA Y DEL SOMBRERO DE PAJA TOQUILLA COMO SABER ANCESTRAL Y PATRIMONIO CULTURAL INMATERIAL DEL ECUADOR";"2025-12-17";"2025-12-17";"475503";"475503";"CALIFICACIÓN DEL CONSEJO DE ADMINISTRACIÓN LEGISLATIVA (CAL)";"Comisión de Educación, Cultura, Ciencia, Tecnología, Innovación y Saberes Ancestrales";"2026-01-09";"MACHADO CLAVIJO GERARDO EUGENIO(ASAMBLEÍSTA)"
"PROYECTO DE LEY ORGÁNICA REFORMATORIA A LA LEY ORGÁNICA DE DEFENSA DEL CONSUMIDOR PARA EL FORTALECIMIENTO DE LOS DERECHOS DE LOS CONSUMIDORES FRENTE A SERVICIOS FINANCIEROS Y OTROS SERVICIOS";"2025-12-17";"2025-12-17";"475500";"475500";"CALIFICACIÓN DEL CONSEJO DE ADMINISTRACIÓN LEGISLATIVA (CAL)";"Comisión de Desarrollo Económico, Productivo y la Microempresa";"2026-01-09";"MACHADO CLAVIJO GERARDO EUGENIO(ASAMBLEÍSTA)"
"PROYECTO DE LEY ORGÁNICA PARA LA PREVENCIÓN DE LA VIOLENCIA DIGITAL EN EL SISTEMA EDUCATIVO";"2025-12-17";"2025-12-17";"475521";"475521";"CALIFICACIÓN DEL CONSEJO DE ADMINISTRACIÓN LEGISLATIVA (CAL)";"Comisión de Educación, Cultura, Ciencia, Tecnología, Innovación y Saberes Ancestrales";"2026-01-09";"SERRANO MOLINA DOMINIQUE ELIAN(ASAMBLEÍSTA)"
"PROYECTO DE LEY REFORMATORIA A LA LEY ORGÁNICA DE LA CONTRALORÍA GENERAL DEL ESTADO Y DEL CÓDIGO ORGÁNICO INTEGRAL PENAL CONTRA LA CORRUPCIÓN EN LOS DELITOS DE  ADMINISTRACIÓN PÚBLICA";"2025-12-17";"2025-12-17";"475476";"475476";"CALIFICACIÓN DEL CONSEJO DE ADMINISTRACIÓN LEGISLATIVA (CAL)";"Comisión de Justicia y Estructura del Estado";"2026-01-09";"GALLARDO RUIZ KEEVIN FERNANDO(ASAMBLEÍSTA)"
"PROYECTO DE LEY ORGÁNICA REFORMATORIA A LA LEY ORGÁNICA DE SALUD PARA LA REGULACIÓN INTEGRAL DEL ETIQUETADO NUTRICIONAL FRONTAL";"2025-12-17";"2025-12-17";"475494";"475494";"CALIFICACIÓN DEL CONSEJO DE ADMINISTRACIÓN LEGISLATIVA (CAL)";"No se Asigna Comisión por calificación Negada";"2026-01-09";"JACOME BENITES MILENA CRISTINA(ASAMBLEÍSTA)"
"PROYECTO DE LEY ORGÁNICA DE ZONAS LOGÍSTICAS PORTUARIAS";"2025-12-17";"2025-12-17";"475480";"475480";"CALIFICACIÓN DEL CONSEJO DE ADMINISTRACIÓN LEGISLATIVA (CAL)";"Comisión de Desarrollo Económico, Productivo y la Microempresa";"2026-01-09";"FRANCO HANZE DIEGO MARTIN(ASAMBLEÍSTA)"
"PROYECTO DE LEY REFORMATORIA A LA LEY ORGÁNICA DEL SERVICIO PÚBLICO PARA LA COMPETENCIA, DESCENTRALIZACIÓN Y CELERIDAD DE LOS PROCESOS SUMARIOS ADMINISTRATIVOS";"2025-12-17";"2025-12-17";"AN-VMNR-2025-0089-M";"AN-VMNR-2025-0089-M";"CALIFICACIÓN DEL CONSEJO DE ADMINISTRACIÓN LEGISLATIVA (CAL)";"Comisión del Derecho al Trabajo y a la Seguridad Social";"2026-01-09";"VEGA MORILLO NUVIA ROCIO(ASAMBLEÍSTA)"
"PROYECTO DE LEY ORGÁNICA QUE REGULA EL CONFLICTO ARMADO NO INTERNACIONAL";"2025-12-16";"2025-12-16";"AN-SCIV-2025-0057-M";"AN-SCIV-2025-0057-M";"CALIFICACIÓN DEL CONSEJO DE ADMINISTRACIÓN LEGISLATIVA (CAL)";"No se Asigna Comisión por calificación Negada";"2026-01-09";"SOLANO CALLE ISAAC VLADIMIR(ASAMBLEÍSTA)"
"PROYECTO DE LEY ORGÁNICA REFORMATORIA A LA LEY ORGÁNICA DE DEFENSA DEL CONSUMIDOR";"2025-12-16";"2025-12-16";"475444";"475444";"CALIFICACIÓN DEL CONSEJO DE ADMINISTRACIÓN LEGISLATIVA (CAL)";"Comisión de Desarrollo Económico, Productivo y la Microempresa";"2026-01-09";"LUNA ARÉVALO BLASCO REMIGIO(ASAMBLEÍSTA)"
"PROYECTO DE LEY ORGÁNICA REFORMATORIA A LA LEY ORGÁNICA PARA EL DESARROLLO DE LA ACUICULTURA Y PESCA";"2025-12-16";"2025-12-16";"475429";"475429";"INFORME PARA PRIMER DEBATE";"Comisión de Soberanía Alimentaria y Desarrollo del Sector Agropecuario y Pesquero";"2026-01-09";"RIZZO ALVEAR JANINA JADIRA(ASAMBLEÍSTA)"
"PROYECTO DE LEY REFORMATORIA AL CÓDIGO ORGÁNICO INTEGRAL PENAL PARA ARMONIZAR LA LEGISLACIÓN ECUATORIANA CON EL CONVENIO DE BUDAPEST SOBRE CIBERDELINCUENCIA";"2025-12-16";"2025-12-16";"475447";"475447";"CALIFICACIÓN DEL CONSEJO DE ADMINISTRACIÓN LEGISLATIVA (CAL)";"Comisión de Soberanía, Integración y Seguridad Integral";"2026-01-09";"LUNA ARÉVALO BLASCO REMIGIO(ASAMBLEÍSTA)"
"PROYECTO DE LEY REFORMATORIA A LA LEY ORGÁNICA DE LA CONTRALORÍA GENERAL DEL ESTADO";"2025-12-16";"2025-12-16";"475454";"475454";"CALIFICACIÓN DEL CONSEJO DE ADMINISTRACIÓN LEGISLATIVA (CAL)";"Comisión de Justicia y Estructura del Estado";"2026-01-09";"JURADO MORENO PABLO ANIBAL(ASAMBLEÍSTA)"
"PROYECTO DE LEY ORGÁNICA PARA LA PREVENCIÓN, DESINTOXICACIÓN Y REINSERCIÓN INTEGRAL DE NIÑOS, NIÑAS Y ADOLESCENTES FRENTE AL CONSUMO DE DROGAS Y EL RECLUTAMIENTO DELICTIVO";"2025-12-16";"2025-12-16";"475450";"475450";"INFORME PARA PRIMER DEBATE";"Comisión del Derecho a la Salud y el Deporte";"2026-01-09";"AZIN ARCE ANNABELLA EMMA(ASAMBLEÍSTA)"
"PROYECTO DE LEY ORGÁNICA REFORMATORIA A LA CODIFICACIÓN A LA LEY ORGÁNICA DE EDUCACIÓN INTERCULTURAL PARA GARANTIZAR EL TRATO SALARIAL IGUALITARIO PARA LOS PROFESIONALES DE LOS DEPARTAMENTOS DE CONSEJERÍA ESTUDIANTIL";"2025-12-16";"2025-12-16";"475445";"475445";"CALIFICACIÓN DEL CONSEJO DE ADMINISTRACIÓN LEGISLATIVA (CAL)";"No se Asigna Comisión por calificación Negada";"2026-01-09";"LUNA ARÉVALO BLASCO REMIGIO(ASAMBLEÍSTA)"
"PROYECTO DE LEY ORGÁNICA REFORMATORIA AL CÓDIGO ORGÁNICO INTEGRAL PENAL PARA COMBATIR LA IMPUNIDAD EN TERRORISMO, SU FINANCIACIÓN Y DELINCUENCIA ORGANIZADA";"2025-12-15";"2025-12-15";"AN-JSDA-2025-0101-M";"AN-JSDA-2025-0101-M";"CALIFICACIÓN DEL CONSEJO DE ADMINISTRACIÓN LEGISLATIVA (CAL)";"Comisión de Justicia y Estructura del Estado";"2026-01-09";"JACOME SILVA DIANA ANGELICA(ASAMBLEÍSTA)"
"PROYECTO DE LEY ORGÁNICA REFORMATORIA AL CÓDIGO ORGÁNICO GENERAL DE PROCESOS PARA FORTALECER LA CITACIÓN JUDICIAL";"2025-12-09";"2025-12-11";"AN-OAMP-2025-0113-M";"AN-OAMP-2025-0113-M";"CALIFICACIÓN DEL CONSEJO DE ADMINISTRACIÓN LEGISLATIVA (CAL)";"Comisión de Justicia y Estructura del Estado";"2025-12-18";"OLMEDO ARIAS MARCO PATRICIO(ASAMBLEÍSTA)"
"PROYECTO DE LEY PROYECTO DE LEY ORGÁNICA DEL SISTEMA NACIONAL DE ARCHIVO";"2025-12-11";"2025-12-11";"AN-JSDA-2025-0098-M";"AN-JSDA-2025-0098-M";"CALIFICACIÓN DEL CONSEJO DE ADMINISTRACIÓN LEGISLATIVA (CAL)";"Comisión de Transparencia, Participación Ciudadana y Control Social";"2025-12-18";"JACOME SILVA DIANA ANGELICA(ASAMBLEÍSTA)"
"PROYECTO DE LEY ORGÁNICA REFORMATORIA AL CÓDIGO ORGÁNICO GENERAL DE PROCESOS";"2025-12-10";"2025-12-10";"475482";"475482";"CALIFICACIÓN DEL CONSEJO DE ADMINISTRACIÓN LEGISLATIVA (CAL)";"Comisión de Justicia y Estructura del Estado";"2026-01-09";"ZAMBRANO VERA MARIO AMADO(ASAMBLEÍSTA)"
"PROYECTO DE LEY ORGÁNICA PARA EL DESARROLLO TERRITORIAL Y PRODUCTIVO EN ZONAS DE INFLUENCIA HIDROELÉCTRICA (047)";"2025-12-10";"2025-12-10";"475248";"475248";"CALIFICACIÓN DEL CONSEJO DE ADMINISTRACIÓN LEGISLATIVA (CAL)";"Comisión de Gobiernos Autónomos, Descentralización, Competencias y Organización del Territorio";"2026-01-09";"CHORO DUCHI SEGUNDO MANUEL(ASAMBLEÍSTA)"
"PROYECTO DE LEY REFORMATORIA AL RÉGIMEN PORTUARIO NACIONAL PARA LA TRANSPARENCIA TARIFARIA, GOBERNANZA Y ESTÁNDARES DE SERVICIO";"2025-12-10";"2025-12-10";"475263";"475263";"CALIFICACIÓN DEL CONSEJO DE ADMINISTRACIÓN LEGISLATIVA (CAL)";"Comisión de Desarrollo Económico, Productivo y la Microempresa";"2026-01-09";"SALAS BARRIGA DIEGO ENRIQUE(ASAMBLEÍSTA)"
"PROYECTO DE LEY ORGÁNICA REFORMATORIA A VARIOS CUERPOS LEGALES PARA LA PROMOCIÓN DEL EMPLEO, DESARROLLO DEL EMPLEADOR Y LA PROTECCIÓN SOCIAL INTEGRAL";"2025-12-10";"2025-12-10";"475257";"475257";"AVOCO DEL PROYECTO POR PARTE DE LA COMISIÓN";"Comisión del Derecho al Trabajo y a la Seguridad Social";"2026-01-09";"QUINTANA TAPIA NAILA VICTORIA(ASAMBLEÍSTA)"
"PROYECTO DE LEY ORGÁNICA REFORMATORIA AL CÓDIGO ORGÁNICO DE LA ECONOMÍA SOCIAL DE LOS CONOCIMIENTOS, CREATIVIDAD E INNOVACIÓN PARA LA DEFENSA DE LOS PEQUEÑOS Y MEDIANOS PRODUCTORES";"2025-12-10";"2025-12-10";"475256";"475256";"CALIFICACIÓN DEL CONSEJO DE ADMINISTRACIÓN LEGISLATIVA (CAL)";"Comisión de Educación, Cultura, Ciencia, Tecnología, Innovación y Saberes Ancestrales";"2026-01-09";"FARINANGO QUILUMBAQUÍN DINA MARIBEL(ASAMBLEÍSTA)"
"PROYECTO DE LEY ORGÁNICA REFORMATORIA AL CÓDIGO ORGÁNICO INTEGRAL PENAL PARA LA PREVENCIÓN DE LA CONDUCCIÓN EN ESTADO DE EMBRIAGUEZ Y LA CORRESPONSABILIDAD CONTRAVENCIONAL DE LOS ACOMPAÑANTES";"2025-12-10";"2025-12-10";"475266";"475266";"CALIFICACIÓN DEL CONSEJO DE ADMINISTRACIÓN LEGISLATIVA (CAL)";"No se Asigna Comisión por calificación Negada";"2026-01-09";"GUEVARA BENAVIDEZ JORGE LUIS(ASAMBLEÍSTA)"
"PROYECTO DE LEY ORGÁNICA REFORMATORIA A LA LEY ORGÁNICA DE ALIMENTACIÓN ESCOLAR";"2025-12-10";"2025-12-10";"475275";"475275";"CALIFICACIÓN DEL CONSEJO DE ADMINISTRACIÓN LEGISLATIVA (CAL)";"Comisión de Soberanía Alimentaria y Desarrollo del Sector Agropecuario y Pesquero";"2026-01-09";"GEORGE TENORIO FRICSON VINICIO(ASAMBLEÍSTA)"
"PROYECTO DE LEY ORGÁNICA QUE DECLARA COMO FECHA CÍVICA NACIONAL EL 05 DE AGOSTO DE 1820 ""PRIMER GRITO DE INDEPENDENCIA DE ESMERALDAS""";"2025-12-10";"2025-12-10";"475252";"475252";"CALIFICACIÓN DEL CONSEJO DE ADMINISTRACIÓN LEGISLATIVA (CAL)";"Comisión de Educación, Cultura, Ciencia, Tecnología, Innovación y Saberes Ancestrales";"2025-12-18";"CELLERI GÓMEZ SAMUEL ELIAS(ASAMBLEÍSTA)"
"PROYECTO DE LEY ORGÁNICA REFORMATORIA A LA LEY DE COMPAÑÍAS Y DEL CÓDIGO DE COMERCIO PARA FORTALECER LA RESPONSABILIDAD PENAL DE LAS PERSONAS JURÍDICAS";"2025-12-09";"2025-12-09";"475188";"475188";"CALIFICACIÓN DEL CONSEJO DE ADMINISTRACIÓN LEGISLATIVA (CAL)";"Comisión de Justicia y Estructura del Estado";"2025-12-18";"LARA PEREZ LENIN ALEJANDRO(ASAMBLEÍSTA)"
"PROYECTO DE LEY ORGÁNICA REFORMATORIA A LA LEY ORGÁNICA DE LA FUNCIÓN LEGISLATIVA";"2025-12-09";"2025-12-09";"475226";"475226";"CALIFICACIÓN DEL CONSEJO DE ADMINISTRACIÓN LEGISLATIVA (CAL)";"No Asignado";null;"PALACIOS ZAMBRANO MÓNICA ESTEFANÍA(ASAMBLEÍSTA)"
"PROYECTO DE LEY REFORMATORIA A LA LEY ORGÁNICA DE MOVILIDAD HUMANA PARA EL FORTALECIMIENTO DE LOS ECUATORIANOS Y ECUATORIANAS EN EL EXTERIOR";"2025-12-09";"2025-12-09";"475225";"475225";"CALIFICACIÓN DEL CONSEJO DE ADMINISTRACIÓN LEGISLATIVA (CAL)";"Comisión de Relaciones Internacionales y Movilidad Humana";"2026-01-09";"PALACIOS ZAMBRANO MÓNICA ESTEFANÍA(ASAMBLEÍSTA)"
"PROYECTO DE LEY ORGÁNICA REFORMATORIA A LA LEY ORGÁNICA INTEGRAL PARA PREVENCIÓN Y ERRADICACIÓN DE LA VIOLENCIA CONTRA LAS MUJERES";"2025-12-09";"2025-12-09";"475185";"475185";"CALIFICACIÓN DEL CONSEJO DE ADMINISTRACIÓN LEGISLATIVA (CAL)";"Comisión de Transparencia, Participación Ciudadana y Control Social";"2026-01-09";"VILLACRESES HERRERA MARIA PAULA(ASAMBLEÍSTA)"
"PROYECTO DE LEY ORGÁNICA REFORMATORIA AL CÓDIGO ORGÁNICO ADMINISTRATIVO";"2025-12-09";"2025-12-09";"475218";"475218";"CALIFICACIÓN DEL CONSEJO DE ADMINISTRACIÓN LEGISLATIVA (CAL)";"Comisión de Justicia y Estructura del Estado";"2025-12-18";"CHÁVEZ ZAVALA PATRICIO ALBERTO(ASAMBLEÍSTA)"
"PROYECTO DE LEY ORGÁNICA REFORMATORIA AL CÓDIGO ORGÁNICO DE ORGANIZACIÓN TERRITORIAL, AUTONOMÍA Y DESCENTRALIZACIÓN PARA FORTALECER EL RÉGIMEN DE EXPROPIACIÓN ESPECIAL DE ASENTAMIENTOS HUMANOS DE HECHO Y CONSOLIDADOS";"2025-12-08";"2025-12-08";"475142";"475142";"CALIFICACIÓN DEL CONSEJO DE ADMINISTRACIÓN LEGISLATIVA (CAL)";"Comisión de Gobiernos Autónomos, Descentralización, Competencias y Organización del Territorio";"2025-12-18";"RECALDE ÁLAVA ECKENNER READER(ASAMBLEÍSTA)"
"PROYECTO DE LEY ORGÁNICA REFORMATORIA A LA LEY ORGÁNICA DE ECONOMÍA POPULAR Y SOLIDARIA";"2025-12-06";"2025-12-06";"475017";"475017";"CALIFICACIÓN DEL CONSEJO DE ADMINISTRACIÓN LEGISLATIVA (CAL)";"Comisión de Desarrollo Económico, Productivo y la Microempresa";"2026-01-08";"FARINANGO QUILUMBAQUÍN DINA MARIBEL(ASAMBLEÍSTA)"
"PROYECTO DE LEY ORGÁNICA REFORMATORIA AL CÓDIGO ORGÁNICO INTEGRAL PENAL EN MATERIA DE TRÁNSITO";"2025-12-04";"2025-12-04";"475098";"475098";"CALIFICACIÓN DEL CONSEJO DE ADMINISTRACIÓN LEGISLATIVA (CAL)";"Comisión de Justicia y Estructura del Estado";"2026-01-08";"MENDOZA PALMA ERWIN EDUARDO(ASAMBLEÍSTA)"
"PROYECTO DE LEY ORGÁNICA REFORMATORIA AL CÓDIGO ORGÁNICO ADMINISTRATIVO Y AL CÓDIGO ORGÁNICO MONETARIO Y FINANCIERO PARA LA ESTABILIDAD Y FORTALECIMIENTO DEL SECTOR AGROPECUARIO";"2025-12-04";"2025-12-04";"475074";"475074";"CALIFICACIÓN DEL CONSEJO DE ADMINISTRACIÓN LEGISLATIVA (CAL)";"No Asignado";null;"ROSADO SÁNCHEZ MARJORIE LORENA(ASAMBLEÍSTA)"
"PROYECTO DE LEY ORGÁNICA REFORMATORIA A LA CODIFICACIÓN DE LA LEY ORGÁNICA DE EDUCACIÓN INTERCULTURAL PARA LA INCORPORACIÓN DE COMPETENCIAS EN INTELIGENCIA ARTIFICIAL EN EL SISTEMA NACIONAL DE EDUCACIÓN";"2025-12-04";"2025-12-04";"475096";"475096";"PROYECTO PRESENTADO";"No Asignado";null;"JARAMILLO GOMEZ CHRISTOPHER MANUEL(ASAMBLEÍSTA)"
"PROYECTO DE LEY ORGÁNICA REFORMATORIA A LA LEY ORGÁNICA PARA LA REGULACIÓN Y CONTROL DEL TABACO";"2025-12-03";"2025-12-03";"475057";"475057";"CALIFICACIÓN DEL CONSEJO DE ADMINISTRACIÓN LEGISLATIVA (CAL)";"Comisión del Derecho a la Salud y el Deporte";"2025-12-18";"JACOME BENITES MILENA CRISTINA(ASAMBLEÍSTA)"
"PROYECTO DE LEY ORGÁNICA PARA LA CREACIÓN DE LA CARRERA PROFESIONAL DE EDUCADORES Y PARVULARIOS DE LOS CENTROS DE DESARROLLO INFANTIL";"2025-12-03";"2025-12-03";"475032";"475032";"CALIFICACIÓN DEL CONSEJO DE ADMINISTRACIÓN LEGISLATIVA (CAL)";"Comisión de Educación, Cultura, Ciencia, Tecnología, Innovación y Saberes Ancestrales";"2026-01-09";"RODRIGUEZ CHAVEZ HECTOR EDUARDO(ASAMBLEÍSTA)/ VELOZ RAMÍREZ REBECA VIVIANA(ASAMBLEÍSTA)"
"PROYECTO DE LEY ORGÁNICA REFORMATORIA A VARIOS CUERPOS LEGALES PARA REFORZAR EL DERECHO A LA LACTANCIA MATERNA DEL RECIÉN NACIDO";"2025-12-03";"2025-12-03";"475034";"475034";"CALIFICACIÓN DEL CONSEJO DE ADMINISTRACIÓN LEGISLATIVA (CAL)";"Comisión del Derecho al Trabajo y a la Seguridad Social";"2026-01-08";"PACHECO MACHUCA KATHERINE ALEXANDRA(ASAMBLEÍSTA)"
"PROYECTO DE LEY ORGÁNICA REFORMATORIA A VARIOS CUERPOS LEGALES PARA GARANTIZAR LA IDENTIDAD PRODUCTIVA AGRÍCOLA";"2025-12-03";"2025-12-03";"475029";"475029";"CALIFICACIÓN DEL CONSEJO DE ADMINISTRACIÓN LEGISLATIVA (CAL)";"No se Asigna Comisión por calificación Negada";"2025-12-18";"GONZÁLEZ VALERO RONAL EDUARDO(ASAMBLEÍSTA)"
"PROYECTO DE LEY ORGÁNICA REFORMATORIA A LA LEY ORGÁNICA DE CULTURA PARA EL RECONOCIMIENTO, SALVAGUARDIA Y FOMENTO PRODUCTIVO DEL TEJIDO DE LA PAJA TOQUILLA Y DEL SOMBRERO DE PAJA TOQUILLA COMO PATRIMONIO CULTURAL DEL ECUADOR";"2025-12-02";"2025-12-02";"474978";"474978";"RETIRADO";"No Asignado";null;"MACHADO CLAVIJO GERARDO EUGENIO(ASAMBLEÍSTA)"
"PROYECTO DE LEY ORGÁNICA REFORMATORIA AL CÓDIGO ORGÁNICO DE LA SALUD PARA RECONOCER EL USO DEL SOMBRERO DE PAJA TOQUILLA COMO MEDIDA DE PREVENCIÓN DEL CÁNCER DE PIEL";"2025-12-02";"2025-12-02";"474976";"474976";"RETIRADO";"No Asignado";null;"MACHADO CLAVIJO GERARDO EUGENIO(ASAMBLEÍSTA)"
"PROYECTO DE LEY ORGÁNICA REFORMATORIA  A LA LEY ORGÁNICA DE FOMENTO ARTESANAL  PARA EL RECONOCIMIENTO, SALVAGUARDIA Y FOMENTO PRODUCTIVO DEL TEJIDO DE LA PAJA TOQUILLA Y DEL SOMBRERO DE PAJA TOQUILLA COMO PATRIMONIO CULTURAL DEL ECUADOR";"2025-12-02";"2025-12-02";"474981";"474981";"RETIRADO";"No Asignado";null;"MACHADO CLAVIJO GERARDO EUGENIO(ASAMBLEÍSTA)"
"PROYECTO DE LEY ORGÁNICA REFORMATORIA A LA LEY ORGÁNICA DE SALUD MENTAL";"2025-12-02";"2025-12-02";"AN-JSDA-2025-0088-M";"AN-JSDA-2025-0088-M";"CALIFICACIÓN DEL CONSEJO DE ADMINISTRACIÓN LEGISLATIVA (CAL)";"Comisión del Derecho a la Salud y el Deporte";"2025-12-18";"JACOME SILVA DIANA ANGELICA(ASAMBLEÍSTA)"
"PROYECTO DE LEY ORGÁNICA REFORMATORIA A LA LEY ORGÁNICA DE DEFENSA AL CONSUMIDOR PARA PROTEGER A LOS USUARIOS FRENTE A ABUSOS FINANCIEROS Y DEFICIENCIAS EN LA PRESTACIÓN DE SERVICIOS";"2025-12-02";"2025-12-02";"474951";"474951";"RETIRADO";"No Asignado";null;"MACHADO CLAVIJO GERARDO EUGENIO(ASAMBLEÍSTA)"
"PROYECTO DE LEY ORGÁNICA PARA LA PROTECCIÓN DE LOS DERECHOS DE LOS CONSUMIDORES Y USUARIOS EN EL COMERCIO DIGITAL";"2025-12-02";"2025-12-02";"475024";"475024";"CALIFICACIÓN DEL CONSEJO DE ADMINISTRACIÓN LEGISLATIVA (CAL)";"No se Asigna Comisión por calificación Negada";"2025-12-18";"PARRALES YAGUAL ARISDELY PAOLA(ASAMBLEÍSTA)"
"PROYECTO DE LEY ORGÁNICA REFORMATORIA  A LA LEY ORGÁNICA PARA LA OPTIMIZACIÓN Y EFICIENCIA DE TRÁMITES";"2025-12-02";"2025-12-02";"474997";"474997";"CALIFICACIÓN DEL CONSEJO DE ADMINISTRACIÓN LEGISLATIVA (CAL)";"No se Asigna Comisión por calificación Negada";"2025-12-18";"HERRERA GÓMEZ ANA CECILIA(ASAMBLEÍSTA)"
"PROYECTO DE LEY ORGÁNICA REFORMATORIA  A LA LEY ORGÁNICA DE JUVENTUDES";"2025-12-02";"2025-12-02";"475001";"475001";"CALIFICACIÓN DEL CONSEJO DE ADMINISTRACIÓN LEGISLATIVA (CAL)";"Comisión de Garantías Constitucionales, Derechos Humanos, Derechos Colectivos y la Interculturalidad";"2025-12-18";"JARAMILLO ZURITA LUCÍA LIZBETH(ASAMBLEÍSTA)"
"PROYECTO DE LEY ORGÁNICA REFORMATORIA AL CÓDIGO ORGÁNICO INTEGRAL PENAL PARA FORTALECER EL RÉGIMEN DE RESPONSABILIDAD PENAL DE LAS PERSONAS JURÍDICAS";"2025-12-02";"2025-12-02";"474954";"474954";"PROYECTO PRESENTADO";"No Asignado";null;"LARA PEREZ LENIN ALEJANDRO(ASAMBLEÍSTA)"
"PROYECTO DE LEY ORGÁNICA REFORMATORIA A VARIOS CUERPOS LEGALES PARA LA IMPLEMENTACIÓN DE PROGRAMAS DE CUMPLIMIENTO PENAL Y NORMATIVO PARA PREVENIR LOS DELITOS EN EL SECTOR PRIVADO";"2025-12-02";"2025-12-02";"AN-LPLA-2025-0146-M";"AN-LPLA-2025-0146-M";"CALIFICACIÓN DEL CONSEJO DE ADMINISTRACIÓN LEGISLATIVA (CAL)";"Comisión de Justicia y Estructura del Estado";"2025-12-18";"LARA PEREZ LENIN ALEJANDRO(ASAMBLEÍSTA)"
"PROYECTO DE LEY DE REGULACIÓN EQUITATIVA DEL CONSUMO Y ACTIVIDADES ECONÓMICAS EN PROCESOS ELECTORALES";"2025-11-29";"2025-11-29";"474840";"474840";"INFORME PARA PRIMER DEBATE";"Comisión de Desarrollo Económico, Productivo y la Microempresa";"2025-12-01";"OLSEN PEET NIELS ANTHONEZ(ASAMBLEÍSTA)"
"PROYECTO DE LEY REFORMATORIA DEL CÓDIGO DE COMERCIO PARA FORTALECER LA PROTECCIÓN DEL DERECHO A LA SALUD Y A UNA VIDA DIGNA DE LAS PERSONAS CON ENFERMEDADES CATASTRÓFICAS O DE ALTA COMPLEJIDAD Y DE LAS PERSONAS CON DISCAPACIDAD SUPERVINIENTE";"2025-11-29";"2025-11-29";"474839";"474839";"CALIFICACIÓN DEL CONSEJO DE ADMINISTRACIÓN LEGISLATIVA (CAL)";"Comisión de Régimen Económico y Tributario y su Regulación y Control";"2025-12-18";"YELA DUARTE ANA BELEN(ASAMBLEÍSTA)"
"PROYECTO DE LEY ORGÁNICA REFORMATORIA A LA LEY DE AGROBIODIVERSIDAD, SEMILLAS Y FOMENTO DE LA AGRICULTURA SUSTENTABLE";"2025-11-28";"2025-11-28";"474840";"474840";"PROYECTO PRESENTADO";"No Asignado";null;"MENDOZA PALMA ERWIN EDUARDO(ASAMBLEÍSTA)"
"PROYECTO DE LEY ORGÁNICA DE RECUPERACIÓN PRODUCTIVA Y TERRITORIAL FRENTE AL CRIMEN ORGANIZADO";"2025-11-28";"2025-11-28";"474816";"474816";"PROYECTO PRESENTADO";"No Asignado";null;"MANCHENO DAVILA MISHEL ANDREA(ASAMBLEÍSTA)"
"PROYECTO DE LEY ORGÁNICA REFORMATORIA DEL CÓDIGO ORGÁNICO ADMINISTRATIVO";"2025-11-28";"2025-11-28";"474818";"474818";"PROYECTO PRESENTADO";"No Asignado";null;"MANCHENO DAVILA MISHEL ANDREA(ASAMBLEÍSTA)"
"PROYECTO DE LEY ORGÁNICA REFORMATORIA A LA CODIFICACIÓN DE LA LEY ORGÁNICA DE EDUCACIÓN INTERCULTURAL PARA INCLUIR A LA NUTRICIÓN EN LA MALLA CURRICULAR";"2025-11-27";"2025-11-27";"474780";"474780";"CALIFICACIÓN DEL CONSEJO DE ADMINISTRACIÓN LEGISLATIVA (CAL)";"Comisión de Educación, Cultura, Ciencia, Tecnología, Innovación y Saberes Ancestrales";"2025-12-10";"CUEVA TORO CAMILA ANAHI(ASAMBLEÍSTA)"
"PROYECTO DE LEY ORGÁNICA REFORMATORIA  A LA LEY ORGÁNICA DE LA FUNCIÓN LEGISLATIVA";"2025-11-26";"2025-11-26";"474733";"474733";"AVOCO DEL PROYECTO POR PARTE DE LA COMISIÓN";"Comisión de Transparencia, Participación Ciudadana y Control Social";"2025-12-18";"SERRANO VALLADARES SAADIN ALFREDO(ASAMBLEÍSTA)"
"PROYECTO DE LEY ORGÁNICA REFORMATORIA AL CÓDIGO ORGÁNICO GENERAL DE PROCESOS PARA CORREGIR EL EMPLEO INADECUADO DE LA DEFINICIÓN DE ABANDONO DE RECURSOS";"2025-11-26";"2025-11-26";"474747";"474747";"PROYECTO PRESENTADO";"No Asignado";null;"LARA PEREZ LENIN ALEJANDRO(ASAMBLEÍSTA)"
"PROYECTO DE LEY REFORMATORIA A LA LEY DE FOMENTO ARTESANAL PARA LA PROMOCIÓN Y SALVAGUARDIA DEL PATRIMONIO ARTESANAL DEL ECUADOR";"2025-11-26";"2025-11-26";"474748";"474748";"CALIFICACIÓN DEL CONSEJO DE ADMINISTRACIÓN LEGISLATIVA (CAL)";"Comisión de Desarrollo Económico, Productivo y la Microempresa";"2025-12-01";"LARA PEREZ LENIN ALEJANDRO(ASAMBLEÍSTA)"
"PROYECTO DE LEY ORGÁNICA REFORMATORIA AL CÓDIGO ORGÁNICO INTEGRAL PENAL";"2025-11-26";"2025-11-26";"474731";"474731";"CALIFICACIÓN DEL CONSEJO DE ADMINISTRACIÓN LEGISLATIVA (CAL)";"Comisión de Justicia y Estructura del Estado";"2025-12-10";"JARAMILLO MARTÍNEZ ROBERTO FERNANDO(ASAMBLEÍSTA)"
"PROYECTO DE LEY ORGÁNICA DE INSTITUCIONALIZACIÓN Y FORTALECIMIENTO DEL SERVICIO ECUATORIANO DE CAPACITACIÓN PROFESIONAL (SECAP)";"2025-11-25";"2025-11-25";"474678";"474678";"CALIFICACIÓN DEL CONSEJO DE ADMINISTRACIÓN LEGISLATIVA (CAL)";"Comisión de Desarrollo Económico, Productivo y la Microempresa";"2025-12-10";"BLACIO CASTILLO MANUEL DE JESUS(ASAMBLEÍSTA)"
"PROYECTO DE LEY ORGÁNICA REFORMATORIA A LA LEY ORGÁNICA DE TRANSPORTE TERRESTRE, TRÁNSITO Y SEGURIDAD VIAL PARA LA LOGÍSTICA DE CARGA Y EL TRÁNSITO EN FRONTERA";"2025-11-20";"2025-11-20";"474519";"474519";"CALIFICACIÓN DEL CONSEJO DE ADMINISTRACIÓN LEGISLATIVA (CAL)";"Comisión de Desarrollo Económico, Productivo y la Microempresa";"2025-12-10";"SALAS BARRIGA DIEGO ENRIQUE(ASAMBLEÍSTA)"
"PROYECTO DE LEY ORGÁNICA REFORMATORIA A LA LEY ORGÁNICA DE SERVICIO PÚBLICO DE ENERGÍA ELÉCTRICA";"2025-11-20";"2025-11-20";"474505";"474505";"CALIFICACIÓN DEL CONSEJO DE ADMINISTRACIÓN LEGISLATIVA (CAL)";"No se Asigna Comisión por calificación Negada";"2025-12-10";"ORDOÑEZ QUEZADA ROQUE MARTIN(ASAMBLEÍSTA)/ LASSO MENDOZA JULIO VICENTE PATRICIO XAVIER(ASAMBLEÍSTA)/ NUÑEZ RAMOS SILVIA PATRICIA(ASAMBLEÍSTA)"
"PROYECTO DE LEY ORGÁNICA REFORMATORIA AL CÓDIGO ORGÁNICO INTEGRAL PENAL PARA LA SEGURIDAD EN ALTAMAR Y PROTECCIÓN DE LA PESCA";"2025-11-20";"2025-11-20";"474496";"474496";"CALIFICACIÓN DEL CONSEJO DE ADMINISTRACIÓN LEGISLATIVA (CAL)";"Comisión de Justicia y Estructura del Estado";"2025-12-10";"ZAMBRANO VERA MARIO AMADO(ASAMBLEÍSTA)"
"PROYECTO DE LEY DE PROTECCIÓN, FOMENTO Y COMERCIALIZACIÓN DEL TEJIDO TRADICIONAL DEL SOMBRERO DE PAJA TOQUILLA";"2025-11-20";"2025-11-20";"474515";"474515";"CALIFICACIÓN DEL CONSEJO DE ADMINISTRACIÓN LEGISLATIVA (CAL)";"Comisión de Desarrollo Económico, Productivo y la Microempresa";"2025-12-01";"SANMARTÍN PARRA FABIOLA MARIBEL(ASAMBLEÍSTA)"
"PROYECTO DE LEY ORGÁNICO DE ACCESO A LA EDUCACIÓN SEXUAL INTEGRAL";"2025-11-20";"2025-11-20";"474493";"474493";"PROYECTO PRESENTADO";"No Asignado";null;"DURÁN AGUILAR LILIANA ELIZABETH(ASAMBLEÍSTA)/ BALTAZAR YUCAILLA ROSA CECILIA(ASAMBLEÍSTA)"
"PROYECTO DE LEY ORGÁNICA REFORMATORIA AL CÓDIGO ORGÁNICO DE ORDENAMIENTO TERRITORIAL, AUTONOMÍA Y DESCENTRALIZACIÓN";"2025-11-20";"2025-11-20";"474524";"474524";"CALIFICACIÓN DEL CONSEJO DE ADMINISTRACIÓN LEGISLATIVA (CAL)";"Comisión de Gobiernos Autónomos, Descentralización, Competencias y Organización del Territorio";"2025-12-10";"SAMANIEGO MAIGUA FRANKLIN OMAR(ASAMBLEÍSTA)"
"PROYECTO DE LEY ORGÁNICA REFORMATORIA AL CÓDIGO ORGÁNICO DEL TRABAJO PARA LA DIGNIDAD DE LOS TRABAJADORES DE LA SEGURIDAD PRIVADA";"2025-11-20";"2025-11-20";"474526";"474526";"CALIFICACIÓN DEL CONSEJO DE ADMINISTRACIÓN LEGISLATIVA (CAL)";"Comisión del Derecho al Trabajo y a la Seguridad Social";"2025-12-01";"SAMANIEGO MAIGUA FRANKLIN OMAR(ASAMBLEÍSTA)"
"PROYECTO DE LEY ORGÁNICA REFORMATORIA A LA LEY ORGÁNICA INTEGRAL PARA PREVENIR Y ERRADICAR LA VIOLENCIA CONTRA LAS MUJERES";"2025-11-19";"2025-11-19";"AN-HGAC-2025-0115-M";"AN-HGAC-2025-0115-M";"PROYECTO PRESENTADO";"No Asignado";null;"CABEZAS CASTILLO JANETH PAOLA(ASAMBLEÍSTA)/ HERRERA GÓMEZ ANA CECILIA(ASAMBLEÍSTA)/ MOLINA MENÉNDEZ MARÍA GABRIELA(ASAMBLEÍSTA)/ IÑIGUEZ GALLARDO MARIA VERONICA(ASAMBLEÍSTA)"
"PROYECTO DE LEY ORGÁNICA REFORMATORIA A LA LEY ORGÁNICA DE EDUCACIÓN SUPERIOR PARA GARANTIZAR EL LIBRE, TRANSPARENTE Y DEMOCRÁTICO ACCESO A LA UNIVERSIDAD PÚBLICA";"2025-11-19";"2025-11-19";"474452";"474452";"CALIFICACIÓN DEL CONSEJO DE ADMINISTRACIÓN LEGISLATIVA (CAL)";"Comisión de Educación, Cultura, Ciencia, Tecnología, Innovación y Saberes Ancestrales";"2025-12-01";"BLACIO CASTILLO MANUEL DE JESUS(ASAMBLEÍSTA)"
"PROYECTO DE LEY ORGÁNICA REFORMATORIA A LA LEY ORGÁNICA DE MOVILIDAD HUMANA";"2025-11-19";"2025-11-19";"474440";"474440";"CALIFICACIÓN DEL CONSEJO DE ADMINISTRACIÓN LEGISLATIVA (CAL)";"No se Asigna Comisión por calificación Negada";"2025-12-01";"ALVARADO ESPINEL MARCOS HUMBERTO(ASAMBLEÍSTA)"
"PROYECTO DE LEY ORGÁNICA PARA LA PROTECCIÓN DE LA VOZ HUMANA FRENTE AL USO DE TECNOLOGÍAS DE INTELIGENCIA ARTIFICIAL";"2025-11-19";"2025-11-19";"474456";"474456";"CALIFICACIÓN DEL CONSEJO DE ADMINISTRACIÓN LEGISLATIVA (CAL)";"Comisión de Educación, Cultura, Ciencia, Tecnología, Innovación y Saberes Ancestrales";"2025-12-10";"CABEZAS CASTILLO JANETH PAOLA(ASAMBLEÍSTA)"
"PROYECTO DE LEY ORGÁNICA REFORMATORIA A LA LEY ORGÁNICA DE LA FUNCIÓN LEGISLATIVA PARA PROMOVER LOS MECANISMOS DE PARTICIPACIÓN CIUDADANA";"2025-11-18";"2025-11-18";"AN-OAMP-2025-0100-M";"AN-OAMP-2025-0100-M";"PROYECTO PRESENTADO";"No Asignado";null;"OLMEDO ARIAS MARCO PATRICIO(ASAMBLEÍSTA)"
"PROYECTO DE LEY ORGÁNICA REFORMATORIA AL CÓDIGO ORGÁNICO INTEGRAL PENAL PARA COMBATIR EL DELITO DE ABIGEATO";"2025-10-31";"2025-10-31";"AN-ZRHP-2025-0067-M";"AN-ZRHP-2025-0067-M";"CALIFICACIÓN DEL CONSEJO DE ADMINISTRACIÓN LEGISLATIVA (CAL)";"Comisión de Justicia y Estructura del Estado";"2025-11-20";"ZAPATA ROJAS HERNÁN PATRICIO(ASAMBLEÍSTA)"
"PROYECTO DE LEY PARA LA PROMOCIÓN DEL TURISMO SOSTENIBLE EN GEOPARQUES";"2025-10-31";"2025-10-31";"AN-AZPA-2025-0109-M";"AN-AZPA-2025-0109-M";"CALIFICACIÓN DEL CONSEJO DE ADMINISTRACIÓN LEGISLATIVA (CAL)";"No se Asigna Comisión por calificación Negada";"2025-11-20";"AGUIRRE ZAMBONINO PAMELA ALEJANDRA(ASAMBLEÍSTA)"
"PROYECTO DE LEY REFORMATORIA A LA LEY DEL DEPORTE, EDUCACIÓN FÍSICA Y RECREACIÓN";"2025-10-30";"2025-10-30";"473743";"473743";"CALIFICACIÓN DEL CONSEJO DE ADMINISTRACIÓN LEGISLATIVA (CAL)";"Comisión del Derecho a la Salud y el Deporte";"2025-11-20";"ACUÑA VACA MARIA CRISTINA(ASAMBLEÍSTA)"
"PROYECTO DE LEY ORGÁNICA REFORMATORIA AL CÓDIGO ORGÁNICO GENERAL DE PROCESOS EN MATERIA DE INVENTARIOS Y PARTICIÓN";"2025-10-29";"2025-10-29";"473690";"473690";"CALIFICACIÓN DEL CONSEJO DE ADMINISTRACIÓN LEGISLATIVA (CAL)";"Comisión de Justicia y Estructura del Estado";"2025-11-20";"LARA PEREZ LENIN ALEJANDRO(ASAMBLEÍSTA)"
"PROYECTO DE LEY PARA LA PREVENCIÓN, ATENCIÓN Y SEGUIMIENTO DE LA OBESIDAD EN EL ECUADOR";"2025-10-28";"2025-10-28";"473623";"473623";"AVOCO DEL PROYECTO POR PARTE DE LA COMISIÓN";"Comisión del Derecho a la Salud y el Deporte";"2025-11-20";"GUSCHMER TAMARIZ MARCELO ANDRES(ASAMBLEÍSTA)"
"PROYECTO DE LEY ORGÁNICA REFORMATORIA A LA LEY ORGÁNICA DEL SISTEMA NACIONAL DE CONTRATACIÓN PÚBLICA";"2025-10-28";"2025-10-28";"473640";"473640";"CALIFICACIÓN DEL CONSEJO DE ADMINISTRACIÓN LEGISLATIVA (CAL)";"No se Asigna Comisión por calificación Negada";"2025-11-20";"JARRIN RIVADENEIRA EDWIN ESTUARDO(ASAMBLEÍSTA)"
"PROYECTO DE LEY ORGÁNICA REFORMATORIA AL CÓDIGO ORGÁNICA INTEGRAL PENAL";"2025-10-28";"2025-10-28";"473601";"473601";"CALIFICACIÓN DEL CONSEJO DE ADMINISTRACIÓN LEGISLATIVA (CAL)";"Comisión de Justicia y Estructura del Estado";"2025-11-20";"SANMARTÍN PARRA FABIOLA MARIBEL(ASAMBLEÍSTA)"
"PROYECTO DE LEY ORGÁNICA REFORMATORIA AL CÓDIGO ORGÁNICO DEL AMBIENTE";"2025-10-28";"2025-10-28";"473624";"473624";"AVOCO DEL PROYECTO POR PARTE DE LA COMISIÓN";"Comisión de Bodiversidad y Recursos Naturales";"2025-11-20";"FRITSCHI NARANJO SADE RASHEL(ASAMBLEÍSTA)"
"PROYECTO DE LEY ORGÁNICA REFORMATORIA AL CÓDIGO ORGÁNICA INTEGRAL PENAL PARA LA PROTECCIÓN DE LAS PERSONAS ADULTAS MAYORES";"2025-10-27";"2025-10-27";"AN-JSDA-2025-0070-M";"AN-JSDA-2025-0070-M";"AVOCO DEL PROYECTO POR PARTE DE LA COMISIÓN";"Comisión de Transparencia, Participación Ciudadana y Control Social";"2025-11-20";"JACOME SILVA DIANA ANGELICA(ASAMBLEÍSTA)"
"PROYECTO DE LEY DE DEPORTE ELECTRÓNICOS";"2025-10-23";"2025-10-23";"473429";"473429";"CALIFICACIÓN DEL CONSEJO DE ADMINISTRACIÓN LEGISLATIVA (CAL)";"Comisión del Derecho a la Salud y el Deporte";"2025-11-20";"REYES BAQUERIZO JUAN JOSE(ASAMBLEÍSTA)"
"PROYECTO DE LEY ORGÁNICA REFORMATORIA A LA CODIFICACIÓN DE LA LEY ORGÁNICA DE EDUCACIÓN INTERCULTURAL PARA GARANTIZAR EL ASCENSO DOCENTE EN EL MAGISTERIO ECUATORIANO";"2025-10-23";"2025-10-23";"473441";"473441";"CALIFICACIÓN DEL CONSEJO DE ADMINISTRACIÓN LEGISLATIVA (CAL)";"No se Asigna Comisión por calificación Negada";"2025-11-20";"LUNA ARÉVALO BLASCO REMIGIO(ASAMBLEÍSTA)"
"PROYECTO DE LEY ORGÁNICA REFORMATORIA A LA LEY ORGÁNICA DEL SERVICIO EXTERIOR";"2025-10-23";"2025-10-23";"473454";"473454";"CALIFICACIÓN DEL CONSEJO DE ADMINISTRACIÓN LEGISLATIVA (CAL)";"Comisión de Relaciones Internacionales y Movilidad Humana";"2025-12-10";"SALAZAR HIDALGO MÓNICA DE JESÚS(ASAMBLEÍSTA)"
"PROYECTO DE LEY ORGÁNICA REFORMATORIA A LA LEY ORGÁNICA DE LAS PERSONAS ADULTAS MAYORES";"2025-10-21";"2025-10-21";"473328";"473328";"AVOCO DEL PROYECTO POR PARTE DE LA COMISIÓN";"Comisión de Transparencia, Participación Ciudadana y Control Social";"2025-12-18";"FARINANGO DELGADO NATHALY ESTEFANIA(ASAMBLEÍSTA)"
"PROYECTO DE LEY ORGÁNICA REFORMATORIA A LA LEY ORGÁNICA PARA EL DESARROLLO DE LA ACUICULTURA Y PESCA (LODAP) PARA LA TRAZABILIDAD DIGITAL, INTEROPERABILIDAD CON LA VENTANILLA ÚNICA ECUATORIANA Y FACILITACIÓN SANITARIA";"2025-10-21";"2025-10-21";"473331";"473331";"CALIFICACIÓN DEL CONSEJO DE ADMINISTRACIÓN LEGISLATIVA (CAL)";"No se Asigna Comisión por calificación Negada";"2025-11-20";"SALAS BARRIGA DIEGO ENRIQUE(ASAMBLEÍSTA)"
"PROYECTO DE LEY ORGÁNICA REFORMATORIA AL CÓDIGO ORGÁNICO GENERAL DE PROCESOS RESPECTO A LA VIGENCIA DE LA ORDEN DE APREMIO PERSONAL EN MATERIA DE ALIMENTOS";"2025-10-20";"2025-10-20";"473258";"473258";"CALIFICACIÓN DEL CONSEJO DE ADMINISTRACIÓN LEGISLATIVA (CAL)";"Comisión de Justicia y Estructura del Estado";"2025-11-20";"LARA PEREZ LENIN ALEJANDRO(ASAMBLEÍSTA)"
"PROYECTO DE REFORMA A LA LEY NOTARIAL PARA AUMENTAR LA COBERTURA NACIONAL A FAVOR DEL MIGRANTE ECUATORIANO";"2025-10-16";"2025-10-16";"473178";"473178";"CALIFICACIÓN DEL CONSEJO DE ADMINISTRACIÓN LEGISLATIVA (CAL)";"Comisión de Justicia y Estructura del Estado";"2025-11-20";"RAMIREZ CHALAN GRACIELA JANETH(ASAMBLEÍSTA)"
"PROYECTO DE LEY ORGÁNICA REFORMATORIA A LA LEY ORGÁNICA DE LA FUNCIÓN LEGISLATIVA";"2025-10-15";"2025-10-15";"473130";"473130";"CALIFICACIÓN DEL CONSEJO DE ADMINISTRACIÓN LEGISLATIVA (CAL)";"Comisión de Justicia y Estructura del Estado";"2025-11-20";"MENDOZA IBARRA MARIA BESIBELL(ASAMBLEÍSTA)"
"PROYECTO DE LEY ORGÁNICA REFORMATORIA AL CÓDIGO ORGÁNICO DE COMERCIO, PRODUCCIÓN E INVERSIONES Y A LA LEY ORGÁNICA DE DESARROLLO FRONTERIZO PARA LA FACILITACIÓN DEL COMERCIO Y LA GESTIÓN INTEGRADA DE FRONTERA";"2025-10-15";"2025-10-15";"473116";"473116";"CALIFICACIÓN DEL CONSEJO DE ADMINISTRACIÓN LEGISLATIVA (CAL)";"Comisión de Relaciones Internacionales y Movilidad Humana";"2026-01-09";"SALAS BARRIGA DIEGO ENRIQUE(ASAMBLEÍSTA)"
"PROYECTO DE LEY ORGÁNICA DE DERECHOS HUMANOS";"2025-10-15";"2025-10-15";"473124";"473124";"CALIFICACIÓN DEL CONSEJO DE ADMINISTRACIÓN LEGISLATIVA (CAL)";"No se Asigna Comisión por calificación Negada";"2025-11-20";"NORIEGA DONOSO JAHIREN ELIZABETH(ASAMBLEÍSTA)/ ORDOÑEZ QUEZADA ROQUE MARTIN(ASAMBLEÍSTA)/ IÑIGUEZ GALLARDO MARIA VERONICA(ASAMBLEÍSTA)/ RODRIGUEZ CHAVEZ HECTOR EDUARDO(ASAMBLEÍSTA)"
"PROYECTO DE LEY ORGÁNICA REFORMATORIA AL CÓDIGO ORGÁNICO GENERAL DE PROCESOS";"2025-10-15";"2025-10-15";"473151";"473151";"PROYECTO PRESENTADO";"No Asignado";null;"CELLERI GÓMEZ SAMUEL ELIAS(ASAMBLEÍSTA)"
"PROYECTO DE LEY REFORMATORIA DE LA LEY CONSTITUTIVA DEL INSTITUTO NACIONAL DE INVESTIGACIONES AGROPECUARIAS (INIAP)";"2025-10-15";"2025-10-15";"473129";"473129";"CALIFICACIÓN DEL CONSEJO DE ADMINISTRACIÓN LEGISLATIVA (CAL)";"Comisión de Soberanía Alimentaria y Desarrollo del Sector Agropecuario y Pesquero";"2026-01-27";"MENDOZA IBARRA MARIA BESIBELL(ASAMBLEÍSTA)"
"PROYECTO DE LEY ORGÁNICA REFORMATORIA A LA LEY ORGÁNICA DE DEFENSA DEL CONSUMIDOR";"2025-10-15";"2025-10-15";"473132";"473132";"CALIFICACIÓN DEL CONSEJO DE ADMINISTRACIÓN LEGISLATIVA (CAL)";"Comisión de Desarrollo Económico, Productivo y la Microempresa";"2025-11-20";"SALAZAR HIDALGO MÓNICA DE JESÚS(ASAMBLEÍSTA)"
"PROYECTO DE LEY ORGÁNICA REFORMATORIA DE LA LEY PARA PREVENIR Y REDUCIR LA PÉRDIDA Y EL DESPERDICIO DE ALIMENTOS Y MITIGAR EL HAMBRE DE LAS PERSONAS EN SITUACIÓN DE VULNERABILIDAD ALIMENTARIA";"2025-10-15";"2025-10-15";"473128";"473128";"CALIFICACIÓN DEL CONSEJO DE ADMINISTRACIÓN LEGISLATIVA (CAL)";"Comisión de Soberanía Alimentaria y Desarrollo del Sector Agropecuario y Pesquero";"2025-11-20";"MENDOZA IBARRA MARIA BESIBELL(ASAMBLEÍSTA)"
"PROYECTO DE LEY ORGÁNICA REFORMATORIA AL CÓDIGO ORGÁNICO TRIBUTARIO PARA BRINDAR A LA PERSONA COACTIVADA SEGURIDAD JURÍDICA EN SUS CUENTAS BANCARIAS";"2025-10-14";"2025-10-14";"473039";"473039";"AVOCO DEL PROYECTO POR PARTE DE LA COMISIÓN";"Comisión de Régimen Económico y Tributario y su Regulación y Control";"2025-10-24";"POLANCO LARA JOHN EDISON(ASAMBLEÍSTA)"
"PROYECTO DE LEY ORGÁNICA REFORMATORIA AL CÓDIGO ORGÁNICO DE ORGANIZACIÓN TERRITORIAL, AUTONOMÍA Y DESCENTRALIZACIÓN";"2025-10-14";"2025-10-14";"473070";"473070";"CALIFICACIÓN DEL CONSEJO DE ADMINISTRACIÓN LEGISLATIVA (CAL)";"Comisión de Gobiernos Autónomos, Descentralización, Competencias y Organización del Territorio";"2025-10-24";"GUSCHMER TAMARIZ MARCELO ANDRES(ASAMBLEÍSTA)"
"PROYECTO DE LEY REFORMATORIA AL CÓDIGO ORGÁNICO DE NIÑEZ Y ADOLESCENCIA PARA DAR CUMPLIMIENTO DE SENTENCIAS DE LA CORTE CONSTITUCIONAL (473064)";"2025-10-14";"2025-10-14";"473064";"473064";"CALIFICACIÓN DEL CONSEJO DE ADMINISTRACIÓN LEGISLATIVA (CAL)";"Comisión de Protección Integral a Niñas, Niños y Adolescentes";"2025-10-24";"SALAZAR HIDALGO MÓNICA DE JESÚS(ASAMBLEÍSTA)"
"PROYECTO DE LEY ORGÁNICA REFORMATORIA AL CÓDIGO ORGÁNICO INTEGRAL PENAL EN MATERIA DE INTEGRIDAD COMPETITIVA Y PREVENCIÓN DEL LAVADO EN EL DEPORTE";"2025-10-14";"2025-10-14";"473068";"473068";"CALIFICACIÓN DEL CONSEJO DE ADMINISTRACIÓN LEGISLATIVA (CAL)";"Comisión de Justicia y Estructura del Estado";"2025-11-20";"CASTRO PIEDRA ADRIÁN ERNESTO(ASAMBLEÍSTA)"
"PROYECTO DE LEY REFORMATORIA DEL CÓDIGO DE TRABAJO PARA LA GARANTÍA DE LA INDEMNIZACIÓN ESPECIAL POR DESPIDO INTEMPESTIVO O INJUSTIFICADO DE PERSONAS CON DISCAPACIDAD Y DE QUIEN TENGA A SU CARGO SU MANUTENCIÓN";"2025-10-13";"2025-10-13";"AN-LPLA-2025-0103-M";"AN-LPLA-2025-0103-M";"CALIFICACIÓN DEL CONSEJO DE ADMINISTRACIÓN LEGISLATIVA (CAL)";"No se Asigna Comisión por calificación Negada";"2025-10-13";"LARA PEREZ LENIN ALEJANDRO(ASAMBLEÍSTA)"
"PROYECTO DE LEY REFORMATORIA A LA LEY ORGÁNICA DEL SISTEMA NACIONAL DE CONTRATACIÓN PÚBLICA PARA LA IMPLEMENTACIÓN DE CRITERIOS DE CONTRATACIÓN PÚBLICA SOSTENIBLE";"2025-10-06";"2025-10-06";"AN-MOLF-2025-0104-M";"AN-MOLF-2025-0104-M";"PROYECTO PRESENTADO";"No Asignado";null;"MOLINA ONOFA LUIS FERNANDO(ASAMBLEÍSTA)"
"PROYECTO DE LEY ORGÁNICA REFORMATORIA AL CÓDIGO ORGÁNICO DE ORGANIZACIÓN TERRITORIAL, AUTONOMÍA Y DESCENTRALIZACIÓN (COOTAD) PARA LA GESTIÓN RESPONSABLE";"2025-10-06";"2025-10-06";"472773";"472773";"AVOCO DEL PROYECTO POR PARTE DE LA COMISIÓN";"Comisión de Gobiernos Autónomos, Descentralización, Competencias y Organización del Territorio";"2025-10-24";"POZO MORETA BRIGIDA LUCIA(ASAMBLEÍSTA)"
"PROYECTO DE LEY QUE ESTABLECE NORMAS PARA EVITAR EL DESPERDICIO DE ALIMENTOS Y SUS CONSECUENCIAS NEGATIVAS EN MATERIAL SOCIAL Y AMBIENTAL Y POSIBILITAR LA REDUCCIÓN DE EMISIONES DE GAS METANO EN EL MARCO DE LA CRISIS CLIMÁTICA";"2025-10-02";"2025-10-02";"472686";"472686";"CALIFICACIÓN DEL CONSEJO DE ADMINISTRACIÓN LEGISLATIVA (CAL)";"No se Asigna Comisión por calificación Negada";"2026-01-27";"DESINTONIO MALAVE VICTORIA TATIANA(ASAMBLEÍSTA)/ CEDEÑO RIVADENEIRA FERNANDO ENRIQUE(ASAMBLEÍSTA)/ BARRETO ZAMBRANO LENIN DANIEL(ASAMBLEÍSTA)/ MENDOZA ANDRADE GUIDO ANDRÉS(ASAMBLEÍSTA)"
"PROYECTO DE LEY ORGÁNICA REFORMATORIA AL CÓDIGO ORGÁNICO INTEGRAL PENAL PARA LA SEGURIDAD RURAL Y PROTECCIÓN PECUARIA";"2025-10-01";"2025-10-01";"472616";"472616";"CALIFICACIÓN DEL CONSEJO DE ADMINISTRACIÓN LEGISLATIVA (CAL)";"Comisión de Justicia y Estructura del Estado";"2025-10-17";"ZAMBRANO VERA MARIO AMADO(ASAMBLEÍSTA)"
"PROYECTO DE LEY ORGÁNICA REFORMATORIA A LA LEY DE PASANTÍAS EN EL SECTOR EMPRESARIAL";"2025-10-01";"2025-10-01";"472635";"472635";"CALIFICACIÓN DEL CONSEJO DE ADMINISTRACIÓN LEGISLATIVA (CAL)";"Comisión del Derecho al Trabajo y a la Seguridad Social";"2025-11-20";"BENAVIDES FUENTES CRISTIAN ANDRÉS(ASAMBLEÍSTA)"
"PROYECTO DE LEY ORGÁNICA REFORMATORIA A VARIAS LEYES PARA GARANTIZAR EL DERECHO   A LA PROTECCIÓN PRIORITARIA DE LA MUJER A LA MATERNIDAD";"2025-10-01";"2025-10-01";"472651";"472651";"PROYECTO TRAMITADO EN PRIMER DEBATE";"Comisión del Derecho al Trabajo y a la Seguridad Social";"2025-10-17";"RIZZO ALVEAR JANINA JADIRA(ASAMBLEÍSTA)"
"PROYECTO DE LEY ORGÁNICA PARA LA PROMOCIÓN, PREVENCIÓN, DIAGNÓSTICO, ATENCIÓN INTEGRAL Y PROTECCIÓN DE LOS DERECHOS DE LAS PERSONAS QUE VIVEN CON OBESIDAD EN EL ECUADOR";"2025-09-30";"2025-09-30";"472606";"472606";"AVOCO DEL PROYECTO POR PARTE DE LA COMISIÓN";"Comisión del Derecho a la Salud y el Deporte";"2025-12-10";"DURÁN AGUILAR LILIANA ELIZABETH(ASAMBLEÍSTA)/ CORREA GONZALEZ ELIANA KATHERINE(ASAMBLEÍSTA)"
"PROYECTO DE LEY PARA EL FORTALECIMIENTO DE LAS FUERZAS ARMADAS Y POLICÍA NACIONAL";"2025-09-30";"2025-09-30";"472611";"472611";"REGISTRO OFICIAL";"Comisión de Desarrollo Económico, Productivo y la Microempresa";"2025-10-03";"NOBOA AZIN DANIEL ROY-GILCHRIST(PRESIDENCIA DE LA REPÚBLICA)"
"PROYECTO DE LEY ORGÁNICA REFORMATORIA A VARIAS LEYES PARA EL FORTALECIMIENTO Y REGULACIÓN DEL TRABAJO EN EL SECTOR PÚBLICO";"2025-09-29";"2025-09-29";"AN-JZPM-2025-0070-M";"AN-JZPM-2025-0070-M";"AVOCO DEL PROYECTO POR PARTE DE LA COMISIÓN";"Comisión del Derecho al Trabajo y a la Seguridad Social";"2025-10-01";"JARAMILLO ZURITA PAOLA MICHAEL(ASAMBLEÍSTA)"
"PROYECTO DE LEY ORGÁNICA REFORMATORIA A LA LEY ORGÁNICA DE TRANSPORTE TERRESTRE, TRÁNSITO Y SEGURIDAD VIAL Y AL CÓDIGO ORGÁNICO INTEGRAL PENAL";"2025-09-26";"2025-09-26";"472481";"472481";"CALIFICACIÓN DEL CONSEJO DE ADMINISTRACIÓN LEGISLATIVA (CAL)";"Comisión de Justicia y Estructura del Estado";"2025-10-17";"JARAMILLO RODRIGUEZ ANELISSE JOSEBETH(ASAMBLEÍSTA)"
"PROYECTO DE LEY ORGÁNICA INTERCULTURAL PARA EL MANEJO, PROTECCIÓN Y USO SOSTENIBLE DE LOS PÁRAMOS Y OTROS ECOSISTEMAS DE ALTURA";"2025-09-26";"2025-09-26";"472499";"472499";"AVOCO DEL PROYECTO POR PARTE DE LA COMISIÓN";"Comisión de Bodiversidad y Recursos Naturales";"2025-10-07";"FARINANGO QUILUMBAQUÍN DINA MARIBEL(ASAMBLEÍSTA)/ YUMBAY YALLICO MARIANA(ASAMBLEÍSTA)/ TOAPANTA JAMI ALEX FABRICIO(ASAMBLEÍSTA)"
"PROYECTO DE LEY REFORMATORIA A LA LEY DE MINERÍA";"2025-09-22";"2025-09-22";"472390";"472390";"CALIFICACIÓN DEL CONSEJO DE ADMINISTRACIÓN LEGISLATIVA (CAL)";"No se Asigna Comisión por calificación Negada";"2025-10-06";"ARIAS MONTALVO JESÚS DAVID(ASAMBLEÍSTA)"
"PROYECTO DE LEY ORGÁNICA PARA LA REACTIVACIÓN ECONÓMICA A TRAVÉS DEL FORTALECIMIENTO DE LA VINCULACIÓN DEL SECTOR ECONÓMICO PRODUCTIVO CON LA EDUCACIÓN";"2025-09-19";"2025-09-19";"AN-CAV-2025-0104-M";"AN-CAV-2025-0104-M";"REGISTRO OFICIAL";"Comisión de Desarrollo Económico, Productivo y la Microempresa";"2025-09-29";"CENTENO ARTEAGA VALENTINA(ASAMBLEÍSTA)"
"PROYECTO DE LEY ORGÁNICA REFORMATORIA A VARIOS CUERPOS LEGALES PARA EL FORTALECIMIENTO DE LA INCLUSIÓN LABORAL Y EL DERECHO AL EMPLEO PREFERENTE EN LA CIRCUNSCRIPCIÓN TERRITORIAL ESPECIAL AMAZÓNICA";"2025-09-19";"2025-09-19";"472194";"472194";"CALIFICACIÓN DEL CONSEJO DE ADMINISTRACIÓN LEGISLATIVA (CAL)";"No se Asigna Comisión por calificación Negada";"2025-09-29";"CORDOVA DÍAZ COMPS PASCACIO(ASAMBLEÍSTA)/ VALLADAREZ GONZÁLEZ HÉCTOR GUILLERMO(ASAMBLEÍSTA)/ SAANT JUANK NANKI LAURO(ASAMBLEÍSTA)/ BAEZ MERA GUILLERMO VICENTE(ASAMBLEÍSTA)"
"PROYECTO DE LEY REFORMATORIA A LA LEY ORGÁNICA INTEGRAL PARA PREVENIR Y ERRADICAR LA VIOLENCIA CONTRA LAS MUJERES";"2025-09-10";"2025-09-10";"471742";"471742";"CALIFICACIÓN DEL CONSEJO DE ADMINISTRACIÓN LEGISLATIVA (CAL)";"No se Asigna Comisión por calificación Negada";"2025-09-29";"CABEZAS CASTILLO JANETH PAOLA(ASAMBLEÍSTA)/ HERRERA GÓMEZ ANA CECILIA(ASAMBLEÍSTA)/ MOLINA MENÉNDEZ MARÍA GABRIELA(ASAMBLEÍSTA)/ IÑIGUEZ GALLARDO MARIA VERONICA(ASAMBLEÍSTA)"
"PROYECTO DE LEY ORGÁNICA REFORMATORIA A LA LEY ORGÁNICA DE EDUCACIÓN SUPERIOR, PARA GARANTIZAR EL DESARROLLO EQUITATIVO, ARMÓNICO, LA CALIDAD Y SOSTENIBILIDAD DEL SISTEMA DE EDUCACIÓN SUPERIOR";"2025-09-10";"2025-09-10";"471740";"471740";"CALIFICACIÓN DEL CONSEJO DE ADMINISTRACIÓN LEGISLATIVA (CAL)";"No se Asigna Comisión por calificación Negada";"2025-09-29";"NUÑEZ RAMOS SILVIA PATRICIA(ASAMBLEÍSTA)"
"PROYECTO DE LEY ORGÁNICA REFORMATORIA A LA LEY ORGÁNICA DE LA FUNCIÓN LEGISLATIVA PARA GARANTIZAR EL CONSENTIMIENTO INFORMADO EN EL RESPALDO DE INICIATIVAS LEGISLATIVAS";"2025-09-09";"2025-09-09";"AN-SBDE-2025-0047-M";"AN-SBDE-2025-0047-M";"CALIFICACIÓN DEL CONSEJO DE ADMINISTRACIÓN LEGISLATIVA (CAL)";"Comisión de Justicia y Estructura del Estado";"2025-09-29";"SALAS BARRIGA DIEGO ENRIQUE(ASAMBLEÍSTA)"
"PROYECTO DE LEY ORGÁNICA REFORMATORIA A LA LEY ORGÁNICA DE LA FUNCIÓN LEGISLATIVA";"2025-09-04";"2025-09-04";"471444";"471444";"CALIFICACIÓN DEL CONSEJO DE ADMINISTRACIÓN LEGISLATIVA (CAL)";"Comisión de Justicia y Estructura del Estado";"2025-09-29";"MOLINA MENÉNDEZ MARÍA GABRIELA(ASAMBLEÍSTA)"
"PROYECTO DE LEY ORGÁNICA INTERCULTURAL PARA EL MANEJO, RECUPERACIÓN, PROTECCIÓN Y USO SOSTENIBLE DE LOS PÁRAMOS Y OTROS ECOSISTEMAS DE ALTURA";"2025-09-03";"2025-09-04";"471428";"471428";"ARCHIVADO";"No se Asigna Comisión por calificación Negada";"2025-09-29";"FARINANGO QUILUMBAQUÍN DINA MARIBEL(ASAMBLEÍSTA)/ YUMBAY YALLICO MARIANA(ASAMBLEÍSTA)/ TOAPANTA JAMI ALEX FABRICIO(ASAMBLEÍSTA)"
"PROYECTO DE LEY ORGÁNICA DE REPETICIÓN";"2025-09-03";"2025-09-03";"471390";"471390";"CALIFICACIÓN DEL CONSEJO DE ADMINISTRACIÓN LEGISLATIVA (CAL)";"Comisión de Justicia y Estructura del Estado";"2025-09-29";"LARREA VALENCIA JUAN CARLOS(PROCURADURIA GENERAL DEL ESTADO)"
"PROYECTO DE LEY DE AGILIZACIÓN JUDICIAL PARA LA ADOPCIÓN";"2025-09-03";"2025-09-03";"471373";"472373";"INFORME PARA PRIMER DEBATE";"Comisión de Transparencia, Participación Ciudadana y Control Social";"2025-09-29";"POZO MORETA BRIGIDA LUCIA(ASAMBLEÍSTA)"
"PROYECTO DE LEY ORGÁNICA REFORMATORIA A LA LEY ORGÁNICA DE GARANTÍAS JURISDICCIONALES Y CONTROL CONSTITUCIONAL PARA RESCATAR A LA JUSTICIA CONSTITUCIONAL";"2025-09-03";"2025-09-03";"471372";"471372";"AVOCO DEL PROYECTO POR PARTE DE LA COMISIÓN";"Comisión de Transparencia, Participación Ciudadana y Control Social";"2025-09-29";"POZO MORETA BRIGIDA LUCIA(ASAMBLEÍSTA)"
"PROYECTO DE LEY ORGÁNICA DE AVIACIÓN CIVIL";"2025-09-02";"2025-09-02";"471301";"471301";"INFORME PARA SEGUNDO DEBATE";"Comisión de Desarrollo Económico, Productivo y la Microempresa";"2025-09-08";"OLSEN PEET NIELS ANTHONEZ(ASAMBLEÍSTA)"
"PROYECTO DE LEY DE FORTALECIMIENTO Y SOSTENIBILIDAD CREDITICIA";"2025-08-28";"2025-08-28";"471102";"471102";"REGISTRO OFICIAL";"Comisión de Desarrollo Económico, Productivo y la Microempresa";"2025-09-01";"NOBOA AZIN DANIEL ROY-GILCHRIST(PRESIDENCIA DE LA REPÚBLICA)"
"PROYECTO DE LEY ORGÁNICA DE REPETICIÓN PARA LA RECUPERACIÓN DE RECURSOS ECONÓMICOS DEL ESTADO";"2025-08-22";"2025-08-22";"AN-LCC-2025-0029-M";"AN-LCC-2025-0029-M";"CALIFICACIÓN DEL CONSEJO DE ADMINISTRACIÓN LEGISLATIVA (CAL)";"Comisión de Justicia y Estructura del Estado";"2025-09-08";"LEON CUEVA CAMILA(ASAMBLEÍSTA)"
"PROYECTO DE LEY ORGÁNICA PARA LA REGULACIÓN INTEGRAL DEL USO RESPONSABLE DE CANNABIS EN ECUADOR";"2025-08-21";"2025-08-21";"470808";"470808";"PROYECTO PRESENTADO";"No Asignado";null;"INICIATIVA POPULAR(INICIATIVA POPULAR)"
"PROYECTO DE LEY REFORMATORIA A LA LEY DE MINERÍA";"2025-08-20";"2025-08-20";"470727";"470727";"RETIRADO";"No Asignado";null;"ARIAS MONTALVO JESÚS DAVID(ASAMBLEÍSTA)"
"PROYECTO DE LEY ORGÁNICA PARA LA PROMOCIÓN, PREVENCIÓN, DIAGNÓSTICO, ATENCIÓN INTEGRAL Y PROTECCIÓN DE LOS DERECHOS DE LAS PERSONAS QUE VIVEN CON OBESIDAD EN EL ECUADOR";"2025-08-20";"2025-08-20";"470693";"470693";"PROYECTO PRESENTADO";"No Asignado";null;"DURÁN AGUILAR LILIANA ELIZABETH(ASAMBLEÍSTA)"
"PROYECTO DE LEY ORGÁNICA REFORMATORIA A LA LEY ORGÁNICA PARA PREVENIR Y ERRADICAR LA MALNUTRICIÓN EN EL ECUADOR";"2025-08-19";"2025-08-19";"470618";"470618";"CALIFICACIÓN DEL CONSEJO DE ADMINISTRACIÓN LEGISLATIVA (CAL)";"Comisión del Derecho a la Salud y el Deporte";"2025-09-08";"NANTIPIA CHUMPI JOSE FERNANDO(ASAMBLEÍSTA)"
"PROYECTO DE LEY REFORMATORIA A LA LEY DE FOMENTO Y DESARROLLO AGROPECUARIO";"2025-08-19";"2025-08-19";"470614";"470614";"CALIFICACIÓN DEL CONSEJO DE ADMINISTRACIÓN LEGISLATIVA (CAL)";"Comisión de Soberanía Alimentaria y Desarrollo del Sector Agropecuario y Pesquero";"2025-09-08";"CEVALLOS MACÍAS FRANCISCO ANDRES(ASAMBLEÍSTA)"
"PROYECTO DE LEY ORGÁNICA PARA LA FLEXIBILIZACIÓN DE LAS PRÁCTICAS PREPROFESIONALES Y LA INCLUSIÓN DE ESTUDIANTES MIGRANTES EN LA EDUCACIÓN SUPERIOR";"2025-08-06";"2025-08-06";"470090";"470090";"AVOCO DEL PROYECTO POR PARTE DE LA COMISIÓN";"Comisión de Educación, Cultura, Ciencia, Tecnología, Innovación y Saberes Ancestrales";"2025-08-20";"LAVAYEN TAMAYO JOHNNY ALFREDO(ASAMBLEÍSTA)"
"PROYECTO DE LEY PARA EL DESARROLLO LOGÍSTICO, PRODUCTIVO Y ESTRATÉGICO DEL PUERTO DE ESMERALDAS Y SU ZONA DE INFLUENCIA";"2025-08-06";"2025-08-06";"470108";"470108";"CALIFICACIÓN DEL CONSEJO DE ADMINISTRACIÓN LEGISLATIVA (CAL)";"Comisión de Desarrollo Económico, Productivo y la Microempresa";"2025-08-20";"CELLERI GÓMEZ SAMUEL ELIAS(ASAMBLEÍSTA)"
"PROYECTO DE LEY ORGÁNICA DE REGULACIÓN DEL SISTEMA DE VIDEOVIGILANCIA";"2025-07-31";"2025-07-31";"469756";"469756";"RETIRADO";"No Asignado";null;"ALARCÓN BUENO INÉS MARGARITA(ASAMBLEÍSTA)"
"PROYECTO DE LEY QUE REGULA LA INDUSTRIA DEL HIDROCARBURO EN MATERIA DE REDUCCIÓN DE EMISIONES DE GASES DE METANO";"2025-07-21";"2025-07-30";"469667";"469667";"CALIFICACIÓN DEL CONSEJO DE ADMINISTRACIÓN LEGISLATIVA (CAL)";"Comisión de Bodiversidad y Recursos Naturales";"2025-08-13";"BARRETO ZAMBRANO LENIN DANIEL(ASAMBLEÍSTA)"
"PROYECTO DE LEY ORGÁNICA PARA EL CONTROL DE FLUJOS IRREGULARES DE CAPITALES";"2025-07-29";"2025-07-29";"469583";"469583";"REGISTRO OFICIAL";"Comisión de Desarrollo Económico, Productivo y la Microempresa";"2025-08-01";"NOBOA AZIN DANIEL ROY-GILCHRIST(PRESIDENCIA DE LA REPÚBLICA)"
"PROYECTO DE LEY ORGÁNICA QUE REGULA EL APOYO COMPLEMENTARIO Y SUBSIDIARIO DE LAS FUERZAS ARMADAS A LA POLICÍA NACIONAL DE CONFORMIDAD CON LO PREVISTO EN EL ARTÍCULO 158 DE LA CONSTITUCIÓN (469274)";"2025-07-22";"2025-07-22";"469274";"469274";"INFORME PARA SEGUNDO DEBATE";"Comisión de Soberanía, Integración y Seguridad Integral";"2025-08-01";"ALARCÓN BUENO INÉS MARGARITA(ASAMBLEÍSTA)"
"PROYECTO DE LEY ORGÁNICA REFORMATORIA AL CÓDIGO ORGÁNICO DE LA FUNCIÓN JUDICIAL";"2025-07-22";"2025-07-22";"469306";"469306";"CALIFICACIÓN DEL CONSEJO DE ADMINISTRACIÓN LEGISLATIVA (CAL)";"Comisión de Justicia y Estructura del Estado";"2025-08-01";"TORRES CADENA ROSA ALEGRIA(ASAMBLEÍSTA)"
"PROYECTO DE LEY DE EXTRADICIÓN (469222)";"2025-07-21";"2025-07-21";"469222";"469222";"PROYECTO TRAMITADO EN PRIMER DEBATE";"Comisión de Justicia y Estructura del Estado";"2025-08-01";"SUING NAGUA JOSE(CORTE NACIONAL DE JUSTICIA)"
"PROYECTO DE LEY PARA EL DESARROLLO Y PROMOCIÓN DE LA CAFICULTURA ECUATORIANA";"2025-07-17";"2025-07-17";"469088";"469088";"CALIFICACIÓN DEL CONSEJO DE ADMINISTRACIÓN LEGISLATIVA (CAL)";"No se Asigna Comisión por calificación Negada";"2025-07-29";"CABRERA CHACÓN SARA NOEMÍ(ASAMBLEÍSTA)/ ESTRADA MEDRANDA JAIME DAVID(ASAMBLEÍSTA)/ CHAVEZ NUÑEZ DEL ARCO RAUL ARTURO(ASAMBLEÍSTA)/ GONZALEZ ALVEAR JUAN ANDRES(ASAMBLEÍSTA)"
"PROYECTO DE LEY ORGÁNICA REFORMATORIA A LA LEY ORGÁNICA DE PARTICIPACIÓN CIUDADANA Y A LA LEY ORGÁNICA DEL SERVICIO PÚBLICO, Y EL COOTAD, PARA PREVENIR EL CONFLICTO DE INTERESES ENTRE DIRIGENCIA BARRIAL Y CARGOS PÚBLICOS (469069)";"2025-07-17";"2025-07-17";"469069";"469069";"CALIFICACIÓN DEL CONSEJO DE ADMINISTRACIÓN LEGISLATIVA (CAL)";"No se Asigna Comisión por calificación Negada";"2025-08-13";"ESPINOZA ESPINOZA JESSICA ELIZABETH(CONSEJERA NACIONAL CONSEJO NACIONAL PARA LA IGUALDAD EN MOVILIDAD HUMANA)"
"PROYECTO DE LEY PARA EL RECONOCIMIENTO DE DERECHOS VULNERADOS A DOCENTES JUBILADOS DE INSTITUCIONES DE EDUCACIÓN SUPERIOR DEL ECUADOR";"2025-07-14";"2025-07-16";"469018";"469018";"CALIFICACIÓN DEL CONSEJO DE ADMINISTRACIÓN LEGISLATIVA (CAL)";"No se Asigna Comisión por calificación Negada";"2025-08-01";"CABRERA CEVALLOS PEDRO(FEDERACIÓN NACIONAL DE DOCENTES JUBILADOS DE UNIVERSIDADES Y ESCUELAS POLITÉCNICAS DEL ECUADOR)"
"PROYECTO DE LEY ORGÁNICA REFORMATORIA AL CÓDIGO ORGÁNICO INTEGRAL PENAL";"2025-07-15";"2025-07-15";"468982";"468982";"CALIFICACIÓN DEL CONSEJO DE ADMINISTRACIÓN LEGISLATIVA (CAL)";"Comisión de Justicia y Estructura del Estado";"2025-07-29";"ÁLVAREZ ZAMBRANO FERDINAN ARTURO(ASAMBLEÍSTA)"
"PROYECTO DE LEY QUE PROHÍBE LA EXPLOTACIÓN DE HIDROCARBUROS Y LA MINERÍA EN LA AMAZONÍA E IMPLEMENTA LA TRANSICIÓN ENERGÉTICA";"2025-07-15";"2025-07-15";"468957";"468957";"CALIFICACIÓN DEL CONSEJO DE ADMINISTRACIÓN LEGISLATIVA (CAL)";"No se Asigna Comisión por calificación Negada";"2025-07-29";"BALTAZAR YUCAILLA ROSA CECILIA(ASAMBLEÍSTA)"
"PROYECTO DE LEY ORGÁNICA REFORMATORIA A LA LEY ORGÁNICA DEL SISTEMA NACIONAL DE CONTRATACIÓN PÚBLICA";"2025-07-15";"2025-07-15";"468984";"468984";"CALIFICACIÓN DEL CONSEJO DE ADMINISTRACIÓN LEGISLATIVA (CAL)";"No se Asigna Comisión por calificación Negada";"2025-07-29";"VALLEJO AYALA JOSÉ LUIS(ASAMBLEÍSTA)/ DURÁN AGUILAR LILIANA ELIZABETH(ASAMBLEÍSTA)"
"PROYECTO DE LEY REFORMATORIA AL ARTÍCULO 386 DEL CÓDIGO ORGÁNICO INTEGRAL PENAL";"2025-07-10";"2025-07-10";"AN-PACG-2025-0013-M";"AN-PACG-2025-0013-M";"CALIFICACIÓN DEL CONSEJO DE ADMINISTRACIÓN LEGISLATIVA (CAL)";"Comisión de Justicia y Estructura del Estado";"2025-07-29";"PALACIOS ALEJANDRO CESAR GUSTAVO(ASAMBLEÍSTA)"
"PROYECTO DE LEY ORGÁNICA DE INCLUSIÓN DE EDUCACIÓN FINANCIERA EN EL SISTEMA EDUCATIVO NACIONAL";"2025-07-10";"2025-07-10";"468750";"468750";"AVOCO DEL PROYECTO POR PARTE DE LA COMISIÓN";"Comisión de Educación, Cultura, Ciencia, Tecnología, Innovación y Saberes Ancestrales";"2025-07-29";"REYES BAQUERIZO JUAN JOSE(ASAMBLEÍSTA)"
"PROYECTO DE LEY ORGÁNICA REFORMATORIA A LA LEY ORGÁNICA DE LA FUNCIÓN LEGISLATIVA - GARANTÍA DE PARTICIPACIÓN Y DEBATE";"2025-07-10";"2025-07-10";"468781";"468781";"CALIFICACIÓN DEL CONSEJO DE ADMINISTRACIÓN LEGISLATIVA (CAL)";"No Asignado";null;"SALAZAR HIDALGO MÓNICA DE JESÚS(ASAMBLEÍSTA)"
"PROYECTO DE LEY ORGÁNICA REFORMATORIA AL CÓDIGO ORGÁNICO INTEGRAL PENAL PARA LA IDENTIFICACIÓN INMEDIATA EN CASO DE APREHENSIÓN POR DELITO FLAGRANTE";"2025-07-10";"2025-07-10";"468799";"468799";"CALIFICACIÓN DEL CONSEJO DE ADMINISTRACIÓN LEGISLATIVA (CAL)";"No Asignado";null;"JARRIN RIVADENEIRA EDWIN ESTUARDO(ASAMBLEÍSTA)"
"PROYECTO DE LEY REFORMATORIA A LA LEY DE TURISMO PARA EL RECONOCIMIENTO DEL TURISMO CULTURAL";"2025-07-10";"2025-07-10";"468780";"468780";"CALIFICACIÓN DEL CONSEJO DE ADMINISTRACIÓN LEGISLATIVA (CAL)";"Comisión de Desarrollo Económico, Productivo y la Microempresa";"2025-07-29";"SALAZAR HIDALGO MÓNICA DE JESÚS(ASAMBLEÍSTA)"
"PROYECTO DE LEY ORGÁNICA REFORMATORIA AL CÓDIGO ORGÁNICO DE LA NIÑEZ Y ADOLESCENCIA LIBRO I";"2025-07-03";"2025-07-03";"468373";"468373";"AVOCO DEL PROYECTO POR PARTE DE LA COMISIÓN";"Comisión de Protección Integral a Niñas, Niños y Adolescentes";"2025-07-16";"SAMANIEGO MAIGUA FRANKLIN OMAR(ASAMBLEÍSTA)"
"PROYECTO DE LEY ORGÁNICA REFORMATORIA AL CÓDIGO ORGÁNICO INTEGRAL PENAL";"2025-07-03";"2025-07-03";"468334";"468334";"CALIFICACIÓN DEL CONSEJO DE ADMINISTRACIÓN LEGISLATIVA (CAL)";"No se Asigna Comisión por calificación Negada";"2025-07-16";"DIAZ ASQUE JOSEPH SANTIAGO(ASAMBLEÍSTA)"
"PROYECTO DE LEY ORGÁNICA REFORMATORIA AL CÓDIGO ORGÁNICO ADMINISTRATIVO";"2025-07-03";"2025-07-03";"468357";"468357";"CALIFICACIÓN DEL CONSEJO DE ADMINISTRACIÓN LEGISLATIVA (CAL)";"Comisión de Justicia y Estructura del Estado";"2025-07-16";"CABRERA CHACÓN SARA NOEMÍ(ASAMBLEÍSTA)"
"PROYECTO DE LEY QUE REGULA LA PRODUCCIÓN, COMERCIALIZACIÓN, PRECIO MÍNIMO DE SUSTENTACIÓN DEL BANANO";"2025-07-02";"2025-07-02";"468311";"468311";"RETIRADO";"No Asignado";null;"ORDOÑEZ BRAVO STEVEN LEONARDO(ASAMBLEÍSTA)"
"PROYECTO DE LEY ORGÁNICA REFORMATORIA AL CÓDIGO DE TRABAJO PARA LA DIGNIDAD DE LOS TRABAJADORES DE LA SEGURIDAD PRIVADA";"2025-07-01";"2025-07-01";"468229";"468229";"CALIFICACIÓN DEL CONSEJO DE ADMINISTRACIÓN LEGISLATIVA (CAL)";"No se Asigna Comisión por calificación Negada";"2025-07-16";"SAMANIEGO MAIGUA FRANKLIN OMAR(ASAMBLEÍSTA)"
"PROYECTO DE LEY REFORMATORIA AL CÓDIGO DE LA NIÑEZ Y ADOLESCENCIA";"2025-06-26";"2025-06-26";"467940";"467940";"REMISIÓN DEL PROYECTO DE LEY AL EJECUTIVO";"Comisión de Protección Integral a Niñas, Niños y Adolescentes";"2025-07-16";"CHAVEZ NUÑEZ DEL ARCO RAUL ARTURO(ASAMBLEÍSTA)"
"PROYECTO DE LEY ORGÁNICA PARA UNA JUSTICIA ESPECIALIZADA A VÍCTIMAS DE VIOLENCIA SEXUAL QUE REFORMA EL CÓDIGO ORGÁNICO DE LA FUNCIÓN JUDICIAL";"2025-06-26";"2025-06-26";"467955";"467955";"CALIFICACIÓN DEL CONSEJO DE ADMINISTRACIÓN LEGISLATIVA (CAL)";"No se Asigna Comisión por calificación Negada";"2025-07-16";"VELOZ RAMÍREZ REBECA VIVIANA(ASAMBLEÍSTA)"
"PROYECTO DE LEY ORGÁNICA REFORMATORIA AL CÓDIGO DE LA NIÑEZ Y ADOLESCENCIA PARA LA PROTECCIÓN DE NIÑOS, NIÑAS Y ADOLESCENTES FRENTE AL TRÁFICO ILÍCITO DE SUSTANCIAS SUJETAS A FISCALIZACIÓN (467973)";"2025-06-26";"2025-06-26";"467973";"467973";"CALIFICACIÓN DEL CONSEJO DE ADMINISTRACIÓN LEGISLATIVA (CAL)";"Comisión de Protección Integral a Niñas, Niños y Adolescentes";"2025-07-16";"GUEVARA BENAVIDEZ JORGE LUIS(ASAMBLEÍSTA)"
"PROYECTO DE LEY ORGÁNICA REFORMATORIA A LA LEY DE SEGURIDAD SOCIAL PARA EL OPORTUNO EJERCICIO DE LAS PRESTACIONES DE CESANTÍA Y SEGURO DE DESEMPLEO";"2025-06-25";"2025-06-25";"467887";"467887";"CALIFICACIÓN DEL CONSEJO DE ADMINISTRACIÓN LEGISLATIVA (CAL)";"No se Asigna Comisión por calificación Negada";"2026-01-28";"FARINANGO DELGADO NATHALY ESTEFANIA(ASAMBLEÍSTA)"
"PROYECTO DE LEY ORGÁNICA REFORMATORIA A LA LEY ORGÁNICA DE LA FUNCIÓN LEGISLATIVA PARA ESTABLECER UN PLAZO PERENTORIO DE CALIFICACIÓN DE LOS PROYECTOS DE LEY";"2025-06-24";"2025-06-24";"467811";"467811";"CALIFICACIÓN DEL CONSEJO DE ADMINISTRACIÓN LEGISLATIVA (CAL)";"No se Asigna Comisión por calificación Negada";"2026-01-28";"MENDOZA ANDRADE GUIDO ANDRÉS(ASAMBLEÍSTA)"
"PROYECTO DE LEY ORGÁNICA REFORMATORIA A LA LEY ORGÁNICA DEL SISTEMA NACIONAL DE CONTRATACIÓN PÚBLICA";"2025-06-18";"2025-06-18";"467424";"467424";"PROYECTO PRESENTADO";"No Asignado";null;"DURÁN AGUILAR LILIANA ELIZABETH(ASAMBLEÍSTA)/ VALLEJO AYALA JOSÉ LUIS(ASAMBLEÍSTA)"
"PROYECTO DE LEY REFORMATORIA AL CÓDIGO CIVIL PARA LA PROTECCIÓN DEL PATRIMONIO FAMILIAR (467425)";"2025-06-18";"2025-06-18";"467425";"467425";"CALIFICACIÓN DEL CONSEJO DE ADMINISTRACIÓN LEGISLATIVA (CAL)";"Comisión de Justicia y Estructura del Estado";"2025-06-27";"FARINANGO QUILUMBAQUÍN DINA MARIBEL(ASAMBLEÍSTA)"
"PROYECTO DE LEY QUE REGULA A LA INDUSTRIA DE HIDROCARBUROS EN MATERIA DE REDUCCIÓN DE EMISIÓN DE GASES DE METANO";"2025-06-18";"2025-06-18";"467468";"467468";"PROYECTO PRESENTADO";"No Asignado";null;"BARRETO ZAMBRANO LENIN DANIEL(ASAMBLEÍSTA)"
"PROYECTO DE LEY ORGÁNICA PARA EL FORTALECIMIENTO DE LA BASE DE DATOS DE PERFILES GENÉTICOS";"2025-06-17";"2025-06-17";"467412";"FGE-DSP-2025-005412-O";"PROYECTO PRESENTADO";"No Asignado";null;"TOAINGA TOAINGA WILSON MENTOR(FISCALÍA GENERAL DEL ESTADO)"
"PROYECTO DE LEY ORGÁNICA DE RECUPERACIÓN DE ÁREAS PROTEGIDAS Y PROMOCIÓN DEL DESARROLLO LOCAL";"2025-06-14";"2025-06-14";"467191";"467191";"REGISTRO OFICIAL";"Comisión de Desarrollo Económico, Productivo y la Microempresa";"2025-06-17";"NOBOA AZIN DANIEL ROY-GILCHRIST(PRESIDENCIA DE LA REPÚBLICA)"
"PROYECTO DE LEY  ORGÁNICA REFORMATORIA A VARIOS CUERPOS LEGALES PARA PREVENIR Y ELIMINAR LA PRÁCTICA SISTEMÁTICA DE LA SERVIDUMBRE DE LA GLEBA EN EL MARCO DE LA SENTENCIA NO. 1072-21-JP/24";"2025-06-04";"2025-06-04";"466635";"466635";"CALIFICACIÓN DEL CONSEJO DE ADMINISTRACIÓN LEGISLATIVA (CAL)";"Comisión del Derecho al Trabajo y a la Seguridad Social";"2025-06-17";"CORDOVA VALVERDE DR. CESAR MARCEL(DEFENSORIA DEL PUEBLO)"
"PROYECTO DE LEY ORGÁNICA REFORMATORIA AL CÓDIGO ORGÁNICO DEL TRABAJO PARA FORTALECER LOS DERECHOS LABORALES DE LAS MUJERES EMBARAZADAS Y LOS TRABAJADORES EN GENERAL";"2025-06-04";"2025-06-04";"466658";"466658";"CALIFICACIÓN DEL CONSEJO DE ADMINISTRACIÓN LEGISLATIVA (CAL)";"No se Asigna Comisión por calificación Negada";"2025-06-17";"FARINANGO QUILUMBAQUÍN DINA MARIBEL(ASAMBLEÍSTA)"
"PROYECTO DE LEY ORGÁNICA DE GESTIÓN EMPRESARIAL CON ENFOQUE EN DERECHOS HUMANOS (LOGEDH) EN EL MARCO DE LA SENTENCIA NO. 1072-21-JP/24 (ESCLAVITUD MODERNA EN FURUKAWA)";"2025-06-04";"2025-06-04";"467025";"467025";"CALIFICACIÓN DEL CONSEJO DE ADMINISTRACIÓN LEGISLATIVA (CAL)";"No se Asigna Comisión por calificación Negada";"2025-12-05";"CORDOVA VALVERDE DR. CESAR MARCEL(DEFENSORIA DEL PUEBLO)"
"PROYECTO DE LEY ORGÁNICA DE INNOVACIÓN Y FORTALECIMIENTO DE LA GESTIÓN PÚBLICA";"2025-05-27";"2025-05-27";"466429";"466429";"REGISTRO OFICIAL";"Comisión de Desarrollo Económico, Productivo y la Microempresa";"2025-05-29";"NOBOA AZIN DANIEL ROY-GILCHRIST(PRESIDENCIA DE LA REPÚBLICA)"
"PROYECTO DE LEY REFORMATORIA A LA LEY DE FOMENTO ARTESANAL";"2025-05-27";"2025-05-27";"466231";"466231";"AVOCO DEL PROYECTO POR PARTE DE LA COMISIÓN";"Comisión de Desarrollo Económico, Productivo y la Microempresa";"2025-06-17";"ORDOÑEZ BRAVO STEVEN LEONARDO(ASAMBLEÍSTA)"
"PROYECTO DE LEY ORGÁNICA PARA DESARTICULAR LA ECONOMÍA CRIMINAL VINCULADA AL CONFLICTO ARMADO INTERNO";"2025-05-17";"2025-05-17";"465735";"T.565-SGJ-25-0147";"REGISTRO OFICIAL";"Comisión de Desarrollo Económico, Productivo y la Microempresa";"2025-05-19";"NOBOA AZIN DANIEL ROY-GILCHRIST(PRESIDENCIA DE LA REPÚBLICA)"
"PROYECTO DE LEY ORGÁNICA REFORMATORIO AL CÓDIGO ORGÁNICO DE LA SALUD";"2025-05-12";"2025-05-13";"465333";"465333";"CALIFICACIÓN DEL CONSEJO DE ADMINISTRACIÓN LEGISLATIVA (CAL)";"No se Asigna Comisión por calificación Negada";"2025-05-29";"GARCÍA MEJÍA ADRIANA DENISSE(ASAMBLEÍSTA)"
"PROYECTO DE LEY ORGÁNICA REFORMATORIA A LA LEY ORGÁNICA DE LA FUNCIÓN ELECTORAL Y DE ORGANIZACIONES POLÍTICAS DE LA REPÚBLICA DEL ECUADOR";"2025-05-07";"2025-05-13";"465377";"465377";"CALIFICACIÓN DEL CONSEJO DE ADMINISTRACIÓN LEGISLATIVA (CAL)";"No se Asigna Comisión por calificación Negada";"2025-05-29";"BEDÓN ÁLVAREZ GABRIEL HUMBERTO(ASAMBLEÍSTA)"
"PROYECTO DE LEY ORGÁNICA REFORMATORIA AL CÓDIGO DE LA NIÑEZ Y ADOLESCENCIA SOBRE ADOPCIÓN Y RESTITUCIÓN INTERNACIONAL";"2025-05-13";"2025-05-13";"465372";"465372";"CALIFICACIÓN DEL CONSEJO DE ADMINISTRACIÓN LEGISLATIVA (CAL)";"No Asignado";null;"CORREA DELGADO PIERINA SARA MERCEDES(ASAMBLEÍSTA)"
"PROYECTO DE LEY ORGÁNICA QUE REFORMA A LA LEY ORGÁNICA DE EDUCACIÓN SUPERIOR";"2025-05-13";"2025-05-13";"465376";"465376";"RETIRADO";"No Asignado";null;"BALTAZAR YUCAILLA ROSA CECILIA(ASAMBLEÍSTA)"
"PROYECTO DE LEY ORGÁNICA DE RECONOCIMIENTO Y REPARACIÓN DE DERECHOS LABORALES COLECTIVOS DE TRABAJADORES DE CNEL-EP";"2025-05-13";"2025-05-13";"465373";"465373";"PROYECTO PRESENTADO";"No Asignado";null;"CORREA DELGADO PIERINA SARA MERCEDES(ASAMBLEÍSTA)"
"PROYECTO DE LEY REFORMATORIA AL CÓDIGO ORGÁNICO DE ORGANIZACIÓN TERRITORIAL Y DESCENTRALIZACIÓN";"2025-05-12";"2025-05-13";"465378";"465378";"CALIFICACIÓN DEL CONSEJO DE ADMINISTRACIÓN LEGISLATIVA (CAL)";"No se Asigna Comisión por calificación Negada";"2025-05-29";"BEDÓN ÁLVAREZ GABRIEL HUMBERTO(ASAMBLEÍSTA)"
"PROYECTO DE LEY REFORMATORIO AL CÓDIGO ORGÁNICO DE LA NIÑEZ Y ADOLESCENCIA";"2025-05-12";"2025-05-12";"465306";"465306";"PROYECTO PRESENTADO";"No Asignado";null;"BALTAZAR YUCAILLA ROSA CECILIA(ASAMBLEÍSTA)"
"PROYECTO DE LEY ORGÁNICA REFORMATORIA A LA LEY ORGÁNICA DE TRANSPORTE TERRESTRE, TRÁNSITO Y SEGURIDAD VIAL";"2025-05-12";"2025-05-12";"465292";"465292";"AVOCO DEL PROYECTO POR PARTE DE LA COMISIÓN";"Comisión de Desarrollo Económico, Productivo y la Microempresa";"2025-05-29";"LOPEZ ALBAN PATRICIA ELIZABETH(ASAMBLEÍSTA)"
"PROYECTO DE LEY ORGÁNICA REFORMATORIA A LA LEY ORGÁNICA DE PLANIFICACIÓN Y DESARROLLO INTEGRAL DE LA CIRCUNSCRIPCIÓN TERRITORIAL ESPECIAL AMAZÓNICA";"2025-05-09";"2025-05-09";"465184";"465184";"CALIFICACIÓN DEL CONSEJO DE ADMINISTRACIÓN LEGISLATIVA (CAL)";"No se Asigna Comisión por calificación Negada";"2025-05-29";"CORDOVA DÍAZ COMPS PASCACIO(ASAMBLEÍSTA)/ SÁNCHEZ SARANGO MARIUXI CLEOPATRA(ASAMBLEÍSTA)"
"PROYECTO DE LEY ORGÁNICA REFORMATORIA AL CÓDIGO ORGÁNICO ADMINISTRATIVO";"2025-05-08";"2025-05-08";"464918";"464918";"CALIFICACIÓN DEL CONSEJO DE ADMINISTRACIÓN LEGISLATIVA (CAL)";"Comisión de Justicia y Estructura del Estado";"2025-05-19";"FERNÁNDEZ ROSALES FAUSTO ARMANDO(ASAMBLEÍSTA)"
"PROYECTO DE LEY ORGÁNICA REFORMATORIA A LA CODIFICACIÓN DE LA LEY ORGÁNICA DE EDUCACIÓN INTERCULTURAL";"2025-05-08";"2025-05-08";"464908";"464908";"CALIFICACIÓN DEL CONSEJO DE ADMINISTRACIÓN LEGISLATIVA (CAL)";"Comisión de Educación, Cultura, Ciencia, Tecnología, Innovación y Saberes Ancestrales";"2025-05-19";"RODRÍGUEZ RIOFRÍO CARLOS ALBERTO(ASAMBLEÍSTA)"
"PROYECTO DE LEY ORGÁNICA REFORMATORIA A LA LEY ORGÁNICA DE CULTURA";"2025-05-08";"2025-05-08";"464919";"464919";"CALIFICACIÓN DEL CONSEJO DE ADMINISTRACIÓN LEGISLATIVA (CAL)";"Comisión de Educación, Cultura, Ciencia, Tecnología, Innovación y Saberes Ancestrales";"2025-05-19";"FERNÁNDEZ ROSALES FAUSTO ARMANDO(ASAMBLEÍSTA)"
"PROYECTO DE LEY PARA LA PROTECCIÓN Y DEFENSA DE LOS DERECHOS DE LOS ANIMALES NO HUMANOS";"2025-05-07";"2025-05-08";"464985";"464985";"CALIFICACIÓN DEL CONSEJO DE ADMINISTRACIÓN LEGISLATIVA (CAL)";"No se Asigna Comisión por calificación Negada";"2025-05-29";"AGUILAR JIMENEZ SANTIAGO DAVID(ASAMBLEÍSTA)"
"PROYECTO DE LEY  ORGÁNICA PARA LA PREVENCIÓN Y LUCHA CONTRA EL DOPAJE EN EL DEPORTE - LEY PARA EL JUEGO LIMPIO";"2025-05-08";"2025-05-08";"464928";"464928";"AVOCO DEL PROYECTO POR PARTE DE LA COMISIÓN";"Comisión del Derecho a la Salud y el Deporte";"2025-05-29";"PEÑAFIEL CEDEÑO JORGE ANDRÉS(ASAMBLEÍSTA)"
"PROYECTO DE LEY ORGÁNICA REFORMATORIA A VARIAS LEYES PARA LA PROTECCIÓN Y DESARROLLO DEL SECTOR PRODUCTIVO";"2025-05-08";"2025-05-08";"464907";"464907";"CALIFICACIÓN DEL CONSEJO DE ADMINISTRACIÓN LEGISLATIVA (CAL)";"Comisión de Desarrollo Económico, Productivo y la Microempresa";"2025-05-16";"RODRÍGUEZ RIOFRÍO CARLOS ALBERTO(ASAMBLEÍSTA)"
"PROYECTO DE LEY ORGÁNICA REFORMATORIA A LA LEY ORGÁNICA DE LA FUNCIÓN LEGISLATIVA, PARA REGULAR LA SANCIÓN POR VIOLENCIA DE GÉNERO Y TRANSPARENCIA EN LAS FALTAS ADMINISTRATIVAS";"2025-05-08";"2025-05-08";"464931";"464931";"CALIFICACIÓN DEL CONSEJO DE ADMINISTRACIÓN LEGISLATIVA (CAL)";"No se Asigna Comisión por calificación Negada";"2025-05-19";"ALARCÓN BUENO INÉS MARGARITA(ASAMBLEÍSTA)"
"PROYECTO DE LEY ORGÁNICA REFORMATORIA AL CÓDIGO ORGÁNICO DE ORGANIZACIÓN TERRITORIAL, AUTONOMÍA Y DESCENTRALIZACIÓN - COOTAD";"2025-05-07";"2025-05-08";"464924";"464924";"CALIFICACIÓN DEL CONSEJO DE ADMINISTRACIÓN LEGISLATIVA (CAL)";"No se Asigna Comisión por calificación Negada";"2025-05-19";"GARZÓN MONTEROS GISSELA SIOMARA(ASAMBLEÍSTA)"
"PROYECTO DE LEY ORGÁNICA REFORMATORIA A LA LEY ORGÁNICA DEL DERECHO AL CUIDADO HUMANO";"2025-05-06";"2025-05-08";"464970";"464970";"CALIFICACIÓN DEL CONSEJO DE ADMINISTRACIÓN LEGISLATIVA (CAL)";"No se Asigna Comisión por calificación Negada";"2025-05-19";"SUBÍA DÁVALOS KARINA DEL CARMEN(ASAMBLEÍSTA)"
"PROYECTO DE LEY ORGÁNICA REFORMATORIA A LA LEY DEL DEPORTE, EDUCACIÓN FÍSICA Y RECREACIÓN";"2025-05-08";"2025-05-08";"464910";"464910";"CALIFICACIÓN DEL CONSEJO DE ADMINISTRACIÓN LEGISLATIVA (CAL)";"No Asignado";null;"UGSHA TOAQUIZA CÉSAR ARTURO(ASAMBLEÍSTA)"
"PROYECTO DE LEY ORGÁNICA REFORMATORIA A LA LEY ORGÁNICA ELECTORAL Y DE ORGANIZACIONES POLÍTICAS DE LA REPUBLICA DEL ECUADOR";"2025-05-06";"2025-05-08";"464879";"464879";"CALIFICACIÓN DEL CONSEJO DE ADMINISTRACIÓN LEGISLATIVA (CAL)";"Comisión de Justicia y Estructura del Estado";"2025-05-19";"GUTIÉRREZ BORBÚA LUCIO EDWIN(ASAMBLEÍSTA)"
"PROYECTO DE LEY ORGANICA REFORMATORIA A LA LEY ORGANICA DE CULTURA";"2025-05-07";"2025-05-07";"464760";"464760";"CALIFICACIÓN DEL CONSEJO DE ADMINISTRACIÓN LEGISLATIVA (CAL)";"No se Asigna Comisión por calificación Negada";"2025-05-19";"AGUILAR JIMENEZ SANTIAGO DAVID(ASAMBLEÍSTA)"
"PROYECTO DE LEY DE RECONOCIMIENTO Y REPARACIÓN DE DERECHOS LABORALES, COLECTIVOS DE TRABAJADORES DE CNEL-EP";"2025-05-07";"2025-05-07";"464771";"464771";"CALIFICACIÓN DEL CONSEJO DE ADMINISTRACIÓN LEGISLATIVA (CAL)";"No se Asigna Comisión por calificación Negada";"2025-05-19";"CRUZ RODRIGUEZ PEDRO ROBERTO(INICIATIVA CIUDADANA)"
"PROYECTO DE LEY ORGÁNICA REFORMATORIA AL CÓDIGO DEL TRABAJO";"2025-05-07";"2025-05-07";"464831";"464831";"CALIFICACIÓN DEL CONSEJO DE ADMINISTRACIÓN LEGISLATIVA (CAL)";"Comisión del Derecho al Trabajo y a la Seguridad Social";"2025-05-19";"CABEZAS CASTILLO JANETH PAOLA(ASAMBLEÍSTA)"
"PROYECTO DE LEY ORGÁNICA PARA GARANTIZAR LA ASIGNACIÓN DIRECTA DE RECURSOS PARA EL DESARROLLO DE LOS GOBIERNOS AUTÓNOMOS DESCENTRALIZADOS";"2025-05-07";"2025-05-07";"464849";"464849";"CALIFICACIÓN DEL CONSEJO DE ADMINISTRACIÓN LEGISLATIVA (CAL)";"Comisión de Gobiernos Autónomos, Descentralización, Competencias y Organización del Territorio";"2025-05-13";"VERA PALACIOS OTTO SANTIAGO(ASAMBLEÍSTA)"
"PROYECTO DE LEY REFORMATORIA PARA LA ESTABILIDAD Y SOSTENIBILIDAD DEL SISTEMA DE SEGURIDAD SOCIAL";"2025-05-07";"2025-05-07";"464848";"464848";"CALIFICACIÓN DEL CONSEJO DE ADMINISTRACIÓN LEGISLATIVA (CAL)";"Comisión del Derecho al Trabajo y a la Seguridad Social";"2025-05-13";"VERA PALACIOS OTTO SANTIAGO(ASAMBLEÍSTA)"
"PROYECTO DE LEY ORGÁNICA DE ARBITRAJE Y MEDIACIÓN";"2025-05-07";"2025-05-07";"464857";"464857";"CALIFICACIÓN DEL CONSEJO DE ADMINISTRACIÓN LEGISLATIVA (CAL)";"No se Asigna Comisión por calificación Negada";"2025-05-19";"RUEDA CAMACHO SANDRA ELIZABETH(ASAMBLEÍSTA)"
"PROYECTO DE LEY ORGÁNICA DEL DERECHO A LA CIUDAD Y DERECHOS HUMANOS";"2025-05-07";"2025-05-07";"464761";"464761";"CALIFICACIÓN DEL CONSEJO DE ADMINISTRACIÓN LEGISLATIVA (CAL)";"No se Asigna Comisión por calificación Negada";"2025-05-19";"AGUILAR JIMENEZ SANTIAGO DAVID(ASAMBLEÍSTA)"
"PROYECTO DE LEY REFORMATORIA A LA LEY ORGÁNICA DE TRATA DE PERSONAS Y TRAFICO ILÍCITO DE MIGRANTES";"2025-05-07";"2025-05-07";"464832";"464832";"INFORME PARA SEGUNDO DEBATE";"Comisión de Relaciones Internacionales y Movilidad Humana";"2025-05-19";"CABEZAS CASTILLO JANETH PAOLA(ASAMBLEÍSTA)"
"PROYECTO DE LEY ORGÁNICA REFORMATORIA AL CÓDIGO ORGÁNICO GENERAL DE PROCESOS, PARA DISPONER SOBRE LA CADUCIDAD DE BOLETA DE APREMIO EN MATERIA DE ALIMENTOS (464722)";"2025-05-06";"2025-05-06";"464722";"464722";"CALIFICACIÓN DEL CONSEJO DE ADMINISTRACIÓN LEGISLATIVA (CAL)";"Comisión de Justicia y Estructura del Estado";"2025-05-19";"GALARZA AÑAZCO ANA MERCEDES(ASAMBLEÍSTA)"
"PROYECTO DE CÓDIGO ORGÁNICA PARA LA TRANSFORMACIÓN PRODUCTIVA DEL AGRO Y LA PESCA";"2025-05-06";"2025-05-06";"464686";"4646486";"CALIFICACIÓN DEL CONSEJO DE ADMINISTRACIÓN LEGISLATIVA (CAL)";"No Asignado";null;"INTRIAGO ALCÍVAR JAMINTON ENRIQUE(ASAMBLEÍSTA)/ CUERO MEDINA ROBERTO EMILIO(ASAMBLEÍSTA)/ VERA PALACIOS OTTO SANTIAGO(ASAMBLEÍSTA)"
"PROYECTO DE CÓDIGO ORGÁNICO DE SALUD";"2025-05-06";"2025-05-06";"464696";"464696";"CALIFICACIÓN DEL CONSEJO DE ADMINISTRACIÓN LEGISLATIVA (CAL)";"No se Asigna Comisión por calificación Negada";"2025-05-19";"TAPIA ESCALANTE MANUEL HUMBERTO(ASAMBLEÍSTA)/ SALINAS OCHOA CAMILO AURELIO(ASAMBLEÍSTA)"
"PROYECTO DE LEY ORGÁNICA REFORMATORIA A LA LEY ORGÁNICA ELECTORAL, CÓDIGO DE LA DEMOCRACIA";"2025-05-06";"2025-05-06";"AN-PZME-2025-0051-M";"AN-PZME-2025-0051-M";"CALIFICACIÓN DEL CONSEJO DE ADMINISTRACIÓN LEGISLATIVA (CAL)";"Comisión de Justicia y Estructura del Estado";"2025-05-19";"PALACIOS ZAMBRANO MÓNICA ESTEFANÍA(ASAMBLEÍSTA)"
"PROYECTO DE LEY ORGÁNICA DE PARTICIPACIÓN DE LAS RENTAS DEL ESTADO A FAVOR DE LOS GOBIERNOS AUTÓNOMOS DESCENTRALIZADOS Y UNIVERSIDADES PÚBLICAS POR LA INDUSTRIALIZACIÓN DE PETRÓLEO EN LA PROVINCIA DE SANTA ELENA";"2025-05-06";"2025-05-06";"464688";"464688";"CALIFICACIÓN DEL CONSEJO DE ADMINISTRACIÓN LEGISLATIVA (CAL)";"Comisión de Desarrollo Económico, Productivo y la Microempresa";"2025-05-13";"VERA PALACIOS OTTO SANTIAGO(ASAMBLEÍSTA)"
"PROYECTO DE LEY REFORMATORIA A LA LEY QUE FIJA EL LÍMITE TERRITORIAL ENTRE LAS PROVINCIAS ESMERALDAS E IMBABURA EN LA ZONA DENOMINADA LAS GOLONDRINAS";"2025-05-06";"2025-05-06";"464735";"464735";"ARCHIVADO";"No se Asigna Comisión por calificación Negada";"2025-06-11";"POSSO NARANJO LUCIA ANABELLE(ASAMBLEÍSTA)"
"PROYECTO DE LEY ORGÁNICA PRA REFORZAR LA SEGURIDAD CIUDADANA EN EL ECUADOR";"2025-05-05";"2025-05-05";"464630";"464630";"CALIFICACIÓN DEL CONSEJO DE ADMINISTRACIÓN LEGISLATIVA (CAL)";"No se Asigna Comisión por calificación Negada";"2025-05-16";"VELA JIMÉNEZ JOSÉ RAMIRO(ASAMBLEÍSTA)"
"PROYECTO DE LEY ORGÁNICA REFORMATORIA A LA CODIFICACION DE LA LEY ORGÁNICA DE EDUCACION INTERCULTURAL PARA LA INCLUSION DE LA CATEDRA DE JUAN MONTALVO EN EL CURRICULO DE ESTUDIO";"2025-05-05";"2025-05-05";"464662";"464662";"AVOCO DEL PROYECTO POR PARTE DE LA COMISIÓN";"Comisión de Educación, Cultura, Ciencia, Tecnología, Innovación y Saberes Ancestrales";"2025-05-19";"LOPEZ ALBAN PATRICIA ELIZABETH(ASAMBLEÍSTA)"
"PROYECTO DE LEY QUE REFORMA LA LEY ORGÁNICA DE EMPRESAS PÚBLICAS";"2025-05-05";"2025-05-05";"464647";"464647";"CALIFICACIÓN DEL CONSEJO DE ADMINISTRACIÓN LEGISLATIVA (CAL)";"No se Asigna Comisión por calificación Negada";"2025-05-19";"SALINAS OCHOA CAMILO AURELIO(ASAMBLEÍSTA)"
"PROYECTO DE LEY ORGÁNICA REFORMATORIA AL ARTÍCULO 541 DEL CÓDIGO ORGÁNICO INTEGRAL PENAL";"2025-05-01";"2025-05-01";"464574";"464574";"CALIFICACIÓN DEL CONSEJO DE ADMINISTRACIÓN LEGISLATIVA (CAL)";"Comisión de Justicia y Estructura del Estado";"2025-05-06";"SUING NAGUA JOSE(CORTE NACIONAL DE JUSTICIA)"
"PROYECTO DE LEY PARA EL OTORGAMIENTO DE LA PERSONALIDAD JURÍDICA DE LAS ORGANIZACIONES SOCIALES SIN FINES DE LUCRO";"2025-04-30";"2025-04-30";"464532";"464532";"CALIFICACIÓN DEL CONSEJO DE ADMINISTRACIÓN LEGISLATIVA (CAL)";"Comisión de Transparencia, Participación Ciudadana y Control Social";"2025-05-13";"SAMANIEGO MAIGUA FRANKLIN OMAR(ASAMBLEÍSTA)"
"PROYECTO DE LEY ORGÁNICA REFORMATORIA AL CÓDIGO ORGÁNICO DEL AMBIENTE";"2025-04-30";"2025-04-30";"464530";"464530";"CALIFICACIÓN DEL CONSEJO DE ADMINISTRACIÓN LEGISLATIVA (CAL)";"No se Asigna Comisión por calificación Negada";"2025-05-19";"MAYORGA TAPIA ROSA BELÉN(ASAMBLEÍSTA)"
"PROYECTO DE LEY ORGÁNICA REFORMATORIA A LA LEY ORGÁNICA DE ECONOMÍA POPULAR Y SOLIDARIA Y A LA LEY ORGÁNICA DE CONTRATACIÓN PÚBLICA PARA PRIORIZAR FERIAS INCLUSIVAS EN BENEFICIO DE LA ECONOMIA POPULAR Y SOLIDARIA";"2025-04-29";"2025-04-29";"464464";"464464";"CALIFICACIÓN DEL CONSEJO DE ADMINISTRACIÓN LEGISLATIVA (CAL)";"No se Asigna Comisión por calificación Negada";"2025-05-19";"ACHI SIBRI AUDY MARCELO(ASAMBLEÍSTA)"
"PROYECTO DE LEY ORGÁNICA REFORMATORIA A LA LEY ORGÁNICA DE SALUD";"2025-04-29";"2025-04-29";"464478";"464478";"CALIFICACIÓN DEL CONSEJO DE ADMINISTRACIÓN LEGISLATIVA (CAL)";"Comisión del Derecho a la Salud y el Deporte";"2025-05-19";"ALARCÓN BUENO INÉS MARGARITA(ASAMBLEÍSTA)/ ALVARADO CAMPI LUIS RICARDO(ASAMBLEÍSTA)"
"PROYECTO DE LEY ORGÁNICA REFORMATORIA AL CÓDIGO ORGÁNICO INTEGRAL PENAL EN CONTRAVENCIONES DE TRÁNSITO SOBRE EL EXCESO DE VELOCIDAD Y EL CONSUMO DE ALCOHOL";"2025-04-29";"2025-04-29";"464471";"464471";"CALIFICACIÓN DEL CONSEJO DE ADMINISTRACIÓN LEGISLATIVA (CAL)";"No se Asigna Comisión por calificación Negada";"2025-05-19";"URRESTA GUZMÁN JHAJAIRA ESTEFANÍA(ASAMBLEÍSTA)"
"PROYECTO DE LEY RESPONSABILIDAD CORPORATIVA Y BUEN GOBIERNO PARA EL BUEN VIVIR";"2025-04-29";"2025-04-29";"464468";"464468";"CALIFICACIÓN DEL CONSEJO DE ADMINISTRACIÓN LEGISLATIVA (CAL)";"No se Asigna Comisión por calificación Negada";"2025-05-19";"ORTIZ VILLAVICENCIO JOHANNA CECIBEL(ASAMBLEÍSTA)"
"PROYECTO DE LEY DE JUSTICIA LABORAL Y RESPONSABILIDAD EMPRESARIAL PARA LA PROTECCIÓN EFECTIVA DE LOS DERECHOS DE LOS TRABAJADORES";"2025-04-29";"2025-04-29";"464469";"464469";"CALIFICACIÓN DEL CONSEJO DE ADMINISTRACIÓN LEGISLATIVA (CAL)";"No se Asigna Comisión por calificación Negada";"2025-05-19";"ORTIZ VILLAVICENCIO JOHANNA CECIBEL(ASAMBLEÍSTA)"
"PROYECTO DE LEY ORGÁNICA PARA LA REGULACIÓN Y EJERCICIO DE LOS AGENTES DE ADUANA EN EL ECUADOR";"2025-04-29";"2025-04-29";"464472";"464472";"PROYECTO TRAMITADO EN PRIMER DEBATE";"Comisión de Relaciones Internacionales y Movilidad Humana";"2025-05-13";"VELASCO ERAZO PEDRO RAMIRO(ASAMBLEÍSTA)"
"PROYECTO DE LEY ORGÁNICA REFORMATORIA AL CÓDIGO ORGÁNICO GENERAL DE PROCESOS PARA LA CITACIÓN A TRAVÉS DE PUBLICACIONES EN EDICIÓN DIGITAL";"2025-04-29";"2025-04-29";"464467";"464467";"CALIFICACIÓN DEL CONSEJO DE ADMINISTRACIÓN LEGISLATIVA (CAL)";"Comisión de Justicia y Estructura del Estado";"2025-05-13";"ORTIZ VILLAVICENCIO JOHANNA CECIBEL(ASAMBLEÍSTA)"
"PROYECTO DE LEY DE FOMENTO AGROINDUSTRIAL, SOBERANÍA ALIMENTARIA Y EMPLEO DIGNO";"2025-04-29";"2025-04-29";"464470";"464470";"CALIFICACIÓN DEL CONSEJO DE ADMINISTRACIÓN LEGISLATIVA (CAL)";"No se Asigna Comisión por calificación Negada";"2025-05-19";"ORTIZ VILLAVICENCIO JOHANNA CECIBEL(ASAMBLEÍSTA)"
"PROYECTO DE LEY ORGÁNIA REFORMATORIA A LA LEY ORGÁNICA DE SALUD";"2025-04-28";"2025-04-28";"464441";"464441";"CALIFICACIÓN DEL CONSEJO DE ADMINISTRACIÓN LEGISLATIVA (CAL)";"Comisión del Derecho a la Salud y el Deporte";"2025-05-13";"GUTIÉRREZ BORBÚA LUCIO EDWIN(ASAMBLEÍSTA)"
"PROYECTO DE LEY ORGÁNICA REFORMATORIA DE LA LEY ORGÁNICA DE EMPRENDIMIENTO E INNOVACIÓN";"2025-04-24";"2025-04-24";"AN-CAV-2025-0020-M";"AN-CAV-2025-0020-M";"INFORME PARA PRIMER DEBATE";"Comisión de Desarrollo Económico, Productivo y la Microempresa";"2025-05-04";"CENTENO ARTEAGA VALENTINA(ASAMBLEÍSTA)"
"PROYECTO DE LEY PARA LA REGULACIÓN DEL LOBBYING Y LA GESTIÓN DE INTERESES";"2025-04-24";"2025-04-24";"464336";"464336";"CALIFICACIÓN DEL CONSEJO DE ADMINISTRACIÓN LEGISLATIVA (CAL)";"Comisión de Transparencia, Participación Ciudadana y Control Social";"2025-05-13";"DÍAZ IZURIETA JOSÉ FRANCISCO(ASAMBLEÍSTA)"
"PROYECTO DE LEY ORGÁNICA REFORMATORIA A LA LEY ORGÁNICA PARA LA PLANIFICACIÓN Y DESARROLLO INTEGRAL DE LA CIRCUNSCRIPCIÓN TERRITORIAL ESPECIAL AMAZÓNICA";"2025-04-23";"2025-04-23";"464260";"464260";"CALIFICACIÓN DEL CONSEJO DE ADMINISTRACIÓN LEGISLATIVA (CAL)";"No se Asigna Comisión por calificación Negada";"2025-05-19";"RUEDA CAMACHO SANDRA ELIZABETH(ASAMBLEÍSTA)"
"PROYECTO DE LEY PARA LA CONSERVACION Y PROTECCION DE LAS PAMPAS SALINERAS";"2025-04-23";"2025-04-23";"464275";"464275";"CALIFICACIÓN DEL CONSEJO DE ADMINISTRACIÓN LEGISLATIVA (CAL)";"No se Asigna Comisión por calificación Negada";"2025-05-19";"ZAMBRANO GONZÁLEZ VIVIANA JACQUELINE(ASAMBLEÍSTA)"
"PROYECTO DE LEY ORGÁNICA REFORMATORIA AL CÓDIGO ORGÁNICO ADMINISTRATIVO";"2025-04-23";"2025-04-23";"464266";"464266";"CALIFICACIÓN DEL CONSEJO DE ADMINISTRACIÓN LEGISLATIVA (CAL)";"No se Asigna Comisión por calificación Negada";"2025-05-13";"PARRA TOVAR SIXTO ANTONIO(ASAMBLEÍSTA)"
"PROYECTO DE LEY ORGANICA PARA PREVENIR EL CONTRABANDO DE PRODUCTOS AGRICOLAS EN EL ECUADOR";"2025-04-23";"2025-04-23";"AN-VJJR-2025-0029-M";"AN-VJJR-2025-0029-M";"CALIFICACIÓN DEL CONSEJO DE ADMINISTRACIÓN LEGISLATIVA (CAL)";"Comisión de Soberanía Alimentaria y Desarrollo del Sector Agropecuario y Pesquero";"2025-05-13";"VELA JIMÉNEZ JOSÉ RAMIRO(ASAMBLEÍSTA)"
"PROYECTO DE LEY ORGÁNICA REFORMATORIA A LA LEY ORGÁNICA DEL SERVICIO PÚBLICO DEBIDO A UN AUTO DE LLAMAMIENTO A JUICIO";"2025-04-23";"2025-04-23";"464263";"464263";"CALIFICACIÓN DEL CONSEJO DE ADMINISTRACIÓN LEGISLATIVA (CAL)";"Comisión del Derecho al Trabajo y a la Seguridad Social";"2025-05-13";"BOHÓRQUEZ TAPIA MANUEL OSWAL(ASAMBLEÍSTA)"
"PROYECTO DE LEY ORGÁNICA DEL USO RESPONSABLE DE REDES SOCIALES";"2025-04-23";"2025-04-23";"464264";"464264";"INFORME PARA PRIMER DEBATE";"Comisión de Educación, Cultura, Ciencia, Tecnología, Innovación y Saberes Ancestrales";"2025-05-04";"BOHÓRQUEZ TAPIA MANUEL OSWAL(ASAMBLEÍSTA)/ ÁLVAREZ GRANDA JORGE HERMEL(ASAMBLEÍSTA)"
"PROYECTO DE LEY ORGÁNICA REFORMATORIA AL CÓDIGO ORGÁNICO MONETARIO YFINANCIERO";"2025-04-21";"2025-04-21";"464202";"464202";"CALIFICACIÓN DEL CONSEJO DE ADMINISTRACIÓN LEGISLATIVA (CAL)";"Comisión de Desarrollo Económico, Productivo y la Microempresa";"2025-05-04";"CASTILLO CAMPOVERDE ALEXANDRA ANDREA(ASAMBLEÍSTA)"
"PROYECTO DE LEY DE REFORMA DEL RÉGIMEN EDUCATIVO DEL BACHILLERATO EN EL ECUADOR";"2025-04-16";"2025-04-16";"AN-VJJR-2025-0024-M";"AN-VJJR-2025-0024-M";"AVOCO DEL PROYECTO POR PARTE DE LA COMISIÓN";"Comisión de Educación, Cultura, Ciencia, Tecnología, Innovación y Saberes Ancestrales";"2025-05-04";"VELA JIMÉNEZ JOSÉ RAMIRO(ASAMBLEÍSTA)"
"PROYECTO DE LEY PARA EL FORTALECIMIENTO Y MODERNIZACIÓN DE LA FIGURA DEL APRENDIZ Y LA CERTIFICACIÓN DE COMPETENCIAS LABORALES EN ECUADOR";"2025-04-16";"2025-04-16";"464101";"464101";"CALIFICACIÓN DEL CONSEJO DE ADMINISTRACIÓN LEGISLATIVA (CAL)";"Comisión del Derecho al Trabajo y a la Seguridad Social";"2025-05-04";"PASQUEL ANDRADE MARÍA TERESA DEL CARMEN(ASAMBLEÍSTA)"
"PROYECTO DE LEY ORGÁNICA PARA LA DEFENSA PROFESIONAL DEL CONTADOR";"2025-04-14";"2025-04-14";"AN-CZCM-2025-0025-M";"AN-CZCM-2025-0025-M";"CALIFICACIÓN DEL CONSEJO DE ADMINISTRACIÓN LEGISLATIVA (CAL)";"Comisión del Derecho al Trabajo y a la Seguridad Social";"2025-05-04";"CRUZ ZAMBRANO CARLA MAGALY(ASAMBLEÍSTA)"
"PROYECTO DE LEY INTERPRETATIVA AL ARTICULO 24 DE LA LEY ORGÁNICA PARA FOMENTAR LA PRODUCCIÓN, COMERCIALIZACIÓN, INDUSTRIALIZACIÓN, CONSUMO Y FIJACIÓN DEL PRECIO DE LA LECHE Y SUS DERIVADOS";"2025-04-09";"2025-04-09";"463922";"463922";"RETIRADO";"No Asignado";null;"BOHÓRQUEZ TAPIA MANUEL OSWAL(ASAMBLEÍSTA)"
"PROYECTO DE LEY ORGÁNICA DE ATENCIÓN DE SALUD EN ENFERMEDADES DE ALTA COMPLEJIDAD EN LA PROVINCIA DE GALÁPAGOS";"2025-04-08";"2025-04-08";"463862";"463862";"CALIFICACIÓN DEL CONSEJO DE ADMINISTRACIÓN LEGISLATIVA (CAL)";"Comisión del Derecho a la Salud y el Deporte";"2025-04-22";"ROGEL VILLACÍS JOSE LENÍN(ASAMBLEÍSTA)"
"PROYECTO DE LEY ORGÁNICA REFORMATORIA AL CÓDIGO ORGÁNICO MONETARIO Y FINANCIERO PARA REGULAR LOS BUROS DE INFORMACIÓN CREDITICIA";"2025-04-03";"2025-04-03";"463720";"463720";"CALIFICACIÓN DEL CONSEJO DE ADMINISTRACIÓN LEGISLATIVA (CAL)";"Comisión de Régimen Económico y Tributario y su Regulación y Control";"2025-04-22";"PASQUEL ANDRADE MARÍA TERESA DEL CARMEN(ASAMBLEÍSTA)"
"PROYECTO DE LEY PARA EL DESARROLLO DE INFRAESTRUCTURA PORTUARIA Y MULTIMODAL SOSTENIBLE EN LA PROVINCIA DE GALÁPAGOS Y CREACIÓN DE LA AUTORIDAD PORTUARIA MULTIMODAL DE LA PROVINCIA DE GALAPAGOS";"2025-04-03";"2025-04-03";"463705";"463705";"CALIFICACIÓN DEL CONSEJO DE ADMINISTRACIÓN LEGISLATIVA (CAL)";"Comisión de Desarrollo Económico, Productivo y la Microempresa";"2025-04-22";"ROGEL VILLACÍS JOSE LENÍN(ASAMBLEÍSTA)"
"PROYECTO DE LEY PARA LA CREACIÓN DE UN REGIMEN DE INCENTIVOS FISCALES PARA LAS ENTIDADES DEL SECTOR FINANCIERO DE LA ECONOMIA POPULAR Y SOLIDARIA, QUE BRINDEN CREDITOS A TASA DE INTERES BAJAS Y PLAZOS ACCESIBLES PARA EMPRENDIMIENTOS DE LA ECONOMIA POPULAR Y SOLIDARIA";"2025-04-03";"2025-04-03";"AN-ASAM-2025-0027-M";"AN-ASAM-2025-0027-M";"RETIRADO";"No Asignado";null;"ACHI SIBRI AUDY MARCELO(ASAMBLEÍSTA)"
"PROYECTO DE LEY ORGÁNICA REFORMATORIA AL CÓDIGO ORGÁNICO INTEGRAL PENAL PARA PREVENIR, SANCIONAR Y ERRADICAR EL RECLUTAMIENTO DE NIÑOS, NIÑAS Y ADOLESCENTES POR PARTE DE ORGANIZACIONES DELICTIVAS";"2025-04-02";"2025-04-02";"463703";"463703";"AVOCO DEL PROYECTO POR PARTE DE LA COMISIÓN";"Comisión de Justicia y Estructura del Estado";"2025-04-22";"JARAMILLO ZURITA LUCÍA LIZBETH(ASAMBLEÍSTA)"
"PROYECTO DE LEY DE E-GOBIERNO O GOBIERNO ELECTRÓNICO";"2025-03-25";"2025-03-25";"463292";"033 AAC";"CALIFICACIÓN DEL CONSEJO DE ADMINISTRACIÓN LEGISLATIVA (CAL)";"Comisión de Desarrollo Económico, Productivo y la Microempresa";"2025-04-22";"CASTILLO CAMPOVERDE ALEXANDRA ANDREA(ASAMBLEÍSTA)"
"PROYECTO DE LEY ORGÁNICA DE LA FUNCIÓN LEGISLATIVA";"2025-03-24";"2025-03-24";"463244";"463244";"CALIFICACIÓN DEL CONSEJO DE ADMINISTRACIÓN LEGISLATIVA (CAL)";"No Asignado";null;"CUESTA SANTANA ESTHER ADELINA(ASAMBLEÍSTA)"
"PROYECTO DE LEY ORGANICA REFORMATORIA A LA LEY ORGANICA ELECTORAL Y DE ORGANIZACIONES POLITICAS DE LA REPUBLICA DEL ECUADOR, CODIGO DE LA DEMOCRACIA Y DEL CODIGO ORGANICO INTEGRAL PENAL EN DEFENSA DE LAS MUJERES POLITICAS";"2025-03-20";"2025-03-20";"463121";"463121";"CALIFICACIÓN DEL CONSEJO DE ADMINISTRACIÓN LEGISLATIVA (CAL)";"Comisión de Justicia y Estructura del Estado";"2025-04-22";"ROSERO PAZ JUAN CARLOS(ASAMBLEÍSTA)"
"PROYECTO DE LEY REFORMATORIA A LA LEY ORGÁNICA ELECTORAL Y DE ORGANIZACIONES POLÍTICAS DE LA REPÚBLICA DEL ECUADOR, CÓDIGO DE LA DEMOCRACIA";"2025-03-19";"2025-03-19";"AN-ZGVJ-2025-0006-M";"AN-ZGVJ-2025-0006-M";"CALIFICACIÓN DEL CONSEJO DE ADMINISTRACIÓN LEGISLATIVA (CAL)";"Comisión de Justicia y Estructura del Estado";"2025-04-22";"ZAMBRANO GONZÁLEZ VIVIANA JACQUELINE(ASAMBLEÍSTA)"
"PROYECTO DE LEY ORGÁNICA REFORMATORIA AL CÓDIGO ORGÁNICO INTEGRAL PENAL EN MATERIA DE DELITOS TECNOLÓGICOS";"2025-03-18";"2025-03-18";"463040";"463040";"CALIFICACIÓN DEL CONSEJO DE ADMINISTRACIÓN LEGISLATIVA (CAL)";"Comisión de Justicia y Estructura del Estado";"2025-04-22";"ACAITURRI VILLA VARAS JORGE ENRIQUE(ASAMBLEÍSTA)"
"PROYECTO DE LEY ORGÁNICA REFORMATORIA DEL CÓDIGO ORGÁNICO INTEGRAL PENAL";"2025-03-18";"2025-03-18";"463069";"463069";"CALIFICACIÓN DEL CONSEJO DE ADMINISTRACIÓN LEGISLATIVA (CAL)";"Comisión de Justicia y Estructura del Estado";"2025-04-22";"BAYAS URIARTE JADIRA DEL ROSARIO(ASAMBLEÍSTA)"
"PROYECTO DE LEY ORGÁNICA PARA LA PROMOCIÓN Y PROTECCIÓN DE LA MEDICINA TRADICIONAL Y LA SALUD ANCESTRAL";"2025-03-18";"2025-03-18";"463042";"463042";"CALIFICACIÓN DEL CONSEJO DE ADMINISTRACIÓN LEGISLATIVA (CAL)";"No Asignado";null;"AROTINGO CUSHCAGUA ROSA MARGARITA(ASAMBLEÍSTA)"
"PROYECTO DE LEY ORGANICA REFORMATORIA AL CODIGO ORGANICO MONETARIO Y FINANCIERO";"2025-03-14";"2025-03-14";"462887";"462887";"CALIFICACIÓN DEL CONSEJO DE ADMINISTRACIÓN LEGISLATIVA (CAL)";"Comisión de Desarrollo Económico, Productivo y la Microempresa";"2025-04-22";"POSSO NARANJO LUCIA ANABELLE(ASAMBLEÍSTA)"
"PROYECTO DE LEY ORGANICA REFORMATORIA AL CODIGO ORGANICO DE LA FUNCION JUDICIAL Y AL CODIGO ORGANICO INTEGRAL PENAL PARA PREVENIR Y SANCIONAR LA MALA FE PROCESAL Y LA DILACION EN EL SISTEMA PROCESAL ECUATORIANO";"2025-03-14";"2025-03-14";"462901";"462901";"CALIFICACIÓN DEL CONSEJO DE ADMINISTRACIÓN LEGISLATIVA (CAL)";"No Asignado";null;"NOBOA AZIN DANIEL ROY-GILCHRIST(PRESIDENCIA DE LA REPÚBLICA)"
"PROYECTO DE LEY QUE REGULA LOS PROCEDIMIENTOS EUTANÁSICOS Y LAS VOLUNTADES ANTICIPADAS";"2025-03-13";"2025-03-13";"462858";"462858";"AVOCO DEL PROYECTO POR PARTE DE LA COMISIÓN";"Comisión del Derecho a la Salud y el Deporte";"2025-04-22";"SALINAS OCHOA CAMILO AURELIO(ASAMBLEÍSTA)"
"PROYECTO DE LEY ORGANICA REFORMATORIA A LA LEY ORGANICA DE LA FUNCION LEGISLATIVA";"2025-03-13";"2025-03-13";"462865";"462865";"CALIFICACIÓN DEL CONSEJO DE ADMINISTRACIÓN LEGISLATIVA (CAL)";"Comisión de Justicia y Estructura del Estado";"2025-04-22";"RIVADENEIRA CALDERÓN ANDREA YALU(ASAMBLEÍSTA)"
"PROYECTO DE LEY ORGANICA REFORMATORIA PARA SIMPLIFICAR LA DECLARATORIA DE INTERDICCION";"2025-03-12";"2025-03-12";"AN-VRRV-2025-0014-M";"AN-VRRV-2025-0014-M";"CALIFICACIÓN DEL CONSEJO DE ADMINISTRACIÓN LEGISLATIVA (CAL)";"Comisión de Justicia y Estructura del Estado";"2025-04-22";"VELOZ RAMÍREZ REBECA VIVIANA(ASAMBLEÍSTA)"
"PROYECTO DE LEY ORGÁNICA REFORMATORIA AL CÓDIGO ORGÁNICO DE ORGANIZACIÓN TERRITORIAL, AUTONOMÍA Y DESCENTRALIZACIÓN (COOTAD) PARA OTORGAR FUNCIONES Y COMPETENCIAS A LOS GOBIERNOS AUTÓNOMOS DESCENTRALIZADOS PARROQUIALES RURALES";"2025-03-12";"2025-03-12";"462791";"462791";"AVOCO DEL PROYECTO POR PARTE DE LA COMISIÓN";"Comisión de Gobiernos Autónomos, Descentralización, Competencias y Organización del Territorio";"2025-04-22";"CHÁVEZ ANGAMARCA HUMBERTO AMADO(ASAMBLEÍSTA)"
"PROYECTO DE LEY SOBRE USO DE TECNOLOGÍAS BLOCKCHAIN EN ECUADOR";"2025-03-10";"2025-03-10";"462683";"462683";"INFORME PARA PRIMER DEBATE";"Comisión de Educación, Cultura, Ciencia, Tecnología, Innovación y Saberes Ancestrales";"2025-03-21";"CASTILLO CAMPOVERDE ALEXANDRA ANDREA(ASAMBLEÍSTA)"
"PROYECTO DE LEY ORGÁNIA DE TRANSICIÓN ENERGÉTICA PARA LA PROVINCIA DE GALÁPAGOS";"2025-03-06";"2025-03-06";"462531";"462531";"CALIFICACIÓN DEL CONSEJO DE ADMINISTRACIÓN LEGISLATIVA (CAL)";"Comisión de Desarrollo Económico, Productivo y la Microempresa";"2025-03-21";"ROGEL VILLACÍS JOSE LENÍN(ASAMBLEÍSTA)"
"PROYECTO DE LEY ORGÁNICA REFORMATORIA AL CÓDIGO DE LA NIÑEZ Y ADOLESCENCIA PARA LA PROTECCIÓN Y PROHIBICIÓN DE PROCEDIMIENTOS MÉDICOS IRREVERSIBLES RELACIONADOS CON LA MODIFICACION DEL SEXO EN MENORES DE EDAD";"2025-02-27";"2025-02-27";"462366";"4623366";"AVOCO DEL PROYECTO POR PARTE DE LA COMISIÓN";"Comisión de Protección Integral a Niñas, Niños y Adolescentes";"2025-03-17";"PASQUEL ANDRADE MARÍA TERESA DEL CARMEN(ASAMBLEÍSTA)"
"PROYECTO DE LEY ORGÁNICA DE PROTECCIÓN INTEGRAL CONTRA LA VIOLENCIA VICARIA Y SUS EFECTOS";"2025-02-27";"2025-02-27";"AN-BCLR-2025-0021-M";"AN-BCLR-2025-0021-M";"AVOCO DEL PROYECTO POR PARTE DE LA COMISIÓN";"Comisión de Justicia y Estructura del Estado";"2025-03-21";"BERREZUETA CARRIÓN LEONARDO RENATO(ASAMBLEÍSTA)"
"PROYECTO DE LEY ORGÁNICA REFORMATORIA A LA LEY DE FINANCIAMIENTO DE CENTRALES SINDICALES EN ECUADOR";"2025-02-27";"2025-02-27";"AN-BCLR-2025-0020-M";"AN-BCLR-2025-0020-M";"CALIFICACIÓN DEL CONSEJO DE ADMINISTRACIÓN LEGISLATIVA (CAL)";"No se Asigna Comisión por calificación Negada";"2025-03-17";"BERREZUETA CARRIÓN LEONARDO RENATO(ASAMBLEÍSTA)"
"PROYECTO DE LEY REFORMATORIA A LA LEY ORGÁNICA PARA LA PLANIFICACIOIN INTEGRAL DE LA CIRCUNSCRIPCION TERRITORIAL ESPECIAL AMAZONICA";"2025-02-27";"2025-02-27";"462387";"462387";"AVOCO DEL PROYECTO POR PARTE DE LA COMISIÓN";"Comisión del Derecho a la Salud y el Deporte";"2025-03-17";"RIVADENEIRA CALDERÓN ANDREA YALU(ASAMBLEÍSTA)"
"PROYECTO DE LEY ORGANICA REFORMATORIA A LA LEY ORGANICA PARA LA PLANIFICACIÓN Y DESARROLLO INTEGRAL DE LA CIRCUNSCRIPCIÓN TERRITORIAL ESPECIAL AMAZÓNICA PARA CAPACITACIÓN Y FORMACIÓN TÉCNICO PROFESIONAL DE MANO DE OBRA CALIFICADA";"2025-02-27";"2025-02-27";"462375";"462375";"CALIFICACIÓN DEL CONSEJO DE ADMINISTRACIÓN LEGISLATIVA (CAL)";"Comisión de Bodiversidad y Recursos Naturales";"2025-03-21";"FERNÁNDEZ ROSALES FAUSTO ARMANDO(ASAMBLEÍSTA)"
"PROYECTO DE LEY ORGANICA REFORMATORIA A LA CODIFICACION DE LA LEY ORGANICA DE EDUCACIÓN INTERCULTURAL";"2025-02-25";"2025-02-25";"462277";"462277";"CALIFICACIÓN DEL CONSEJO DE ADMINISTRACIÓN LEGISLATIVA (CAL)";"No Asignado";null;"ARCE PLUAS ALEXANDRA MANUELA(ASAMBLEÍSTA)"
"PROYECTO DE LEY DE SALUD DIGITAL";"2025-02-20";"2025-02-20";"462148";"462148";"CALIFICACIÓN DEL CONSEJO DE ADMINISTRACIÓN LEGISLATIVA (CAL)";"No se Asigna Comisión por calificación Negada";"2025-03-17";"SALINAS OCHOA CAMILO AURELIO(ASAMBLEÍSTA)"
"PROYECTO DE LEY ORGÁNICA REFROMATORIA A LA LEY ORGÁNICA DE SEGURIDAD SOCIAL PARA LA JUBILACIÓN ESPECIAL PARA EL PERSONAL DE LOS CUERPOS DE BOMBEROS DEL ECUADOR";"2025-02-19";"2025-02-19";"462106";"462106";"CALIFICACIÓN DEL CONSEJO DE ADMINISTRACIÓN LEGISLATIVA (CAL)";"Comisión del Derecho al Trabajo y a la Seguridad Social";"2025-03-17";"ABAD MOROCHO MERCEDES LUZMILA(ASAMBLEÍSTA)"
"PROYECTO DE LEY REFORMATORIA A LA LEY ORGÁNICA DE GARANTIAS JURISDICCIONALES Y CONTROL CONSTITUCIONAL";"2025-02-19";"2025-02-19";"462111";"462111";"CALIFICACIÓN DEL CONSEJO DE ADMINISTRACIÓN LEGISLATIVA (CAL)";"Comisión de Garantías Constitucionales, Derechos Humanos, Derechos Colectivos y la Interculturalidad";"2025-03-17";"PARRA VILLACIS JONATHAN EMANUEL(ASAMBLEÍSTA)"
"PROYECTO DE LEY ORGÁNICA REFORMATORIA AL CÓDIGO ORGÁNICO DE ORGANIZACIÓN TERRITORIAL, AUTONOMÍA Y DESCENTRALIZACIÓN PARA OTORGAR FUNCIONES A LAS VICEPREFECTAS Y A LOS VICEPREFECTOS";"2025-02-19";"2025-02-19";"462107";"462107";"CALIFICACIÓN DEL CONSEJO DE ADMINISTRACIÓN LEGISLATIVA (CAL)";"Comisión de Gobiernos Autónomos, Descentralización, Competencias y Organización del Territorio";"2025-03-17";"ABAD MOROCHO MERCEDES LUZMILA(ASAMBLEÍSTA)"
"PROYECTO DE LEY ORGÁNICA REFORMATORIA A LALEY ORGÁNICA DE EDUCACIÓN INTERCULTURAL";"2025-02-18";"2025-02-18";"462084";"462084";"CALIFICACIÓN DEL CONSEJO DE ADMINISTRACIÓN LEGISLATIVA (CAL)";"Comisión de Educación, Cultura, Ciencia, Tecnología, Innovación y Saberes Ancestrales";"2025-03-24";"VERA PALACIOS OTTO SANTIAGO(ASAMBLEÍSTA)"
"PROYECTO DE LEY ORGÁNICA REFORMATORIA DE LA LEY ORGÁNICA DE SALUD PARA GARANTIZAR LA SEGURIDAD DEL PACIENTE";"2025-02-18";"2025-02-18";"462067";"462067";"CALIFICACIÓN DEL CONSEJO DE ADMINISTRACIÓN LEGISLATIVA (CAL)";"No Asignado";null;"TAPIA ESCALANTE MANUEL HUMBERTO(ASAMBLEÍSTA)"
"PROYECTO DE LEY ORGÁNICA REFORMATORIA A LA LEY ORGÁNICA DE ECONOMÍA POPULAR Y SOLIDARIA PARA FORTALECER A LOS ACTORES DE LA ECONOMÍA POPULAR Y SOLIDARIA";"2025-02-07";"2025-02-07";"461547";"461547";"PROYECTO PRESENTADO";"No Asignado";null;"VACA GUTIÉRREZ CRISTOBAL RAFAEL(ASAMBLEÍSTA)"
"PROYECTO DE LEY ORGÁNICA PARA LA RESPUESTA AL VIH Y LA PREVENCIÓN, PROMOCIÓN Y PROTECCIÓN DE LOS DERECHOS HUMANOS DE LAS PERSONAS CON VIH Y POBLACIONES CLAVE";"2025-02-06";"2025-02-06";"461507";"461507";"CALIFICACIÓN DEL CONSEJO DE ADMINISTRACIÓN LEGISLATIVA (CAL)";"Comisión de Garantías Constitucionales, Derechos Humanos, Derechos Colectivos y la Interculturalidad";"2025-02-21";"CUESTA SANTANA ESTHER ADELINA(ASAMBLEÍSTA)"
"PROYECTO DE LEY REFORMATORIA DE LA LEY QUE REGULA COMPAÑÍAS DE SALUD PREPAGADA Y DE ASISTENCIA MÉDICA";"2025-02-06";"2025-02-06";"461509";"461509";"CALIFICACIÓN DEL CONSEJO DE ADMINISTRACIÓN LEGISLATIVA (CAL)";"Comisión del Derecho a la Salud y el Deporte";"2025-02-21";"JUMBO QUICHIMBO GABRIELA NICOLE(ASAMBLEÍSTA)"
"PROYECTO DE LEY ORGÁNICA REFORMATORIA A LA LEY ORGÁNICA PARA LA IGUALDAD SALARIAL ENTRE MUJERES Y HOMBRES PARA FORTALECER LA DEFENSA DE LAS Y LOS TRABAJADORES";"2025-02-06";"2025-02-06";"461531";"461531";"PROYECTO PRESENTADO";"No Asignado";null;"GARZON RIVERA MARY SELENITA(ASAMBLEÍSTA)"
"PROYECTO DE LEY ORGÁNICA PARA LA PROTECCIÓN DE LA MATERNIDAD, PATERNIDAD Y LA NUTRICIÓN INFANTIL EN EL ECUADOR";"2025-02-05";"2025-02-05";"461493";"461493";"AVOCO DEL PROYECTO POR PARTE DE LA COMISIÓN";"Comisión de Protección Integral a Niñas, Niños y Adolescentes";"2025-02-21";"CAYO UMAJINGA MARIA HORTENCIA(ASAMBLEÍSTA)"
"PROYECTO DE LEY ORGÁNICA REFORMATORIA A LA LEY ORGÁNICA DE EDUCACIÓN SUPERIOR";"2025-02-05";"2025-02-05";"461495";"461495";"AVOCO DEL PROYECTO POR PARTE DE LA COMISIÓN";"Comisión de Educación, Cultura, Ciencia, Tecnología, Innovación y Saberes Ancestrales";"2025-02-21";"BORBOR ROSALES GRACE MARIE(ASAMBLEÍSTA)"
"PROYECTO DE LEY ORGÁNICA REFORMATORIA AL CÓDIGO ORGÁNICO INTEGRAL PENAL";"2025-02-05";"2025-02-05";"461490";"461490";"PROYECTO PRESENTADO";"No Asignado";null;"RODRIGUEZ BALAREZO JOSE MISAEL(ASAMBLEÍSTA)"
"PROYECTO DE LEY ORGÁNICA REFORMATORIA A LA LEY ORGÁNICA DE EDUCACIÓN INTERCULTURAL";"2025-02-05";"2025-02-05";"461496";"461496";"RETIRADO";"No Asignado";null;"BORBOR ROSALES GRACE MARIE(ASAMBLEÍSTA)"
"PROYECTO DE LEY REFORMATORIA AL CÓDIGO DE COMERCIO PARA FORTALECER LA PROTECCIÓN DEL DERECHO DE SALUD Y A UNA VIDA DIGNA DE PERSONAS CON ENFERMEDADES CATASTRÓFICAS O DE ALTA COMPLEJIDAD Y PERSONAS CON DISCAPACIDAD SUPERVINIENTE";"2025-02-04";"2025-02-04";"461450";"461450";"AVOCO DEL PROYECTO POR PARTE DE LA COMISIÓN";"Comisión de Régimen Económico y Tributario y su Regulación y Control";"2025-02-21";"ARROYO CABEZA JORDÁN JOSUÉ(ASAMBLEÍSTA)"
"PROYECTO DE LEY ORGÁNICA REFORMATORIA A LA LEY ORGÁNICA DE CARRERA SANITARIA";"2025-02-04";"2025-02-04";"461459";"461459";"CALIFICACIÓN DEL CONSEJO DE ADMINISTRACIÓN LEGISLATIVA (CAL)";"No Asignado";null;"MACAS POMA GINA ELIZABETH(ASAMBLEÍSTA)"
"PROYECTO DE LEY ORGÁNICA REFORMATORIA DE LA LEY ORGÁNICA DE EDUCACIÓN SUPERIOR PARA FORTALECER A LA UNIVERSIDAD DE POSGRADO DEL ESTADO ECUATORIANO";"2025-02-04";"2025-02-04";"461461";"461461";"AVOCO DEL PROYECTO POR PARTE DE LA COMISIÓN";"Comisión de Educación, Cultura, Ciencia, Tecnología, Innovación y Saberes Ancestrales";"2025-02-21";"CUESTA SANTANA ESTHER ADELINA(ASAMBLEÍSTA)"
"PROYECTO DE LEY ORGÁNICA REFORMATORIA DE LA LEY ORGÁNICA ELECTORAL Y DE ORGANIZACIONES POLÍTICAS DE LA REPÚBLICA DEL ECUADOR, CÓDIGO DE LA DEMOCRACIA";"2025-02-04";"2025-02-04";"461462";"461462";"PROYECTO PRESENTADO";"No Asignado";null;"PAZMIÑO CHAVEZ ERNESTO DAMIAN(ASAMBLEÍSTA)"
"PROYECTO DE LEY ORGÁNICA REFORMATORIA A LA LEY ORGÁNICA DE LA LOSEP";"2025-02-04";"2025-02-04";"461452";"461452";"PROYECTO PRESENTADO";"No Asignado";null;"TORO SEGOVIA GLADYS JUDITH(ASAMBLEÍSTA)"
"PROYECTO DE LEY ORGÁNICA DE RECONOCIMIENTO Y PROTECCIÓN DE LOS DERECHOS COLECTIVOS DEL PUEBLO AFROECUATORIANO";"2025-02-04";"2025-02-04";"461448";"461448";"PROYECTO PRESENTADO";"No Asignado";null;"CIFUENTES ESPINOSA ANA EULALIA(ASAMBLEÍSTA)"
"PROYECTO DE LEY DE CREACIÓN DE LA UNIVERSIDAD ESTATAL DEL CAÑAR";"2025-02-04";"2025-02-04";"461460";"461460";"INFORME PARA PRIMER DEBATE";"Comisión de Educación, Cultura, Ciencia, Tecnología, Innovación y Saberes Ancestrales";"2025-02-21";"REGALADO MATUTE KAROL VALENTINA(ASAMBLEÍSTA)"
"PROYECTO DE LEY ORGÁNICA REFORMATORIA A LA LEY ORGÁNICA DE GARANTÍAS JURISDICCIONALES Y CONTROL CONSTITUCIONAL";"2025-01-29";"2025-01-29";"461346";"461346";"PROYECTO PRESENTADO";"No Asignado";null;"PAZMIÑO CHAVEZ ERNESTO DAMIAN(ASAMBLEÍSTA)"
"PROYECTO DE LEY REFORMATORIA AL CÓDIGO DEL TRABAJO PARA EL CÁLCULO JUSTO DE LA INDEMINIZACIÓN POR DESPIDO INTEMPESTIVO";"2025-01-27";"2025-01-29";"461340";"461340";"PROYECTO PRESENTADO";"No Asignado";null;"ARMIJO GARCIA CINTHYA DANIELA(ASAMBLEÍSTA)"
"PROYECTO DE LEY ORGÁNICA REFORMATORIA AL CÓDIGO ORGÁNICO DE LA NIÑEZ Y ADOLESCENCIA PARA PROPICIAR PROCESOS DE ADOPCIÓN MÁS EFICIENTES RESPETANDO EL PRINCIPIO FUNDAMENTAL DEL INTERÉS SUPERIOR DEL NIÑO";"2025-01-29";"2025-01-29";"461337";"461337";"AVOCO DEL PROYECTO POR PARTE DE LA COMISIÓN";"Comisión de Protección Integral a Niñas, Niños y Adolescentes";"2025-02-13";"ROBLES RIVERA NORMA FERNANDA(ASAMBLEÍSTA)"
"PROYECTO DE LEY REFORMATORIA AL CÓDIGO CIVIL PARA LA PROTECCIÓN INTEGRAL DEL PATRIMONIO FAMILIAR";"2025-01-23";"2025-01-23";"461225";"461225";"PROYECTO PRESENTADO";"No Asignado";null;"GARZON RIVERA MARY SELENITA(ASAMBLEÍSTA)"
"PROYECTO DE LEY ORGÁNICA PARA IMPULSAR LA ECONOMÍA DE LAS MUJERES EMPRENDEDORAS";"2025-01-23";"2025-01-23";"461230";"T. SGJ-25-0039";"REGISTRO OFICIAL";"Comisión de Transparencia, Participación Ciudadana y Control Social";"2025-01-26";"NOBOA AZIN DANIEL ROY-GILCHRIST(PRESIDENCIA DE LA REPÚBLICA)"
"PROYECTO DE LEY ORGÁNICA REFORMATORIA A LA LEY ORGÁNICA DE ECONOMÍA POPULAR Y SOLIDARIA PARA FORTALECER LOS DERECHOS DE PARTICIPACIÓN DE LAS MINORÍAS EN LAS ORGANIZACIONES SOCIALES";"2025-01-23";"2025-01-23";"461226";"461226";"AVOCO DEL PROYECTO POR PARTE DE LA COMISIÓN";"Comisión de Desarrollo Económico, Productivo y la Microempresa";"2025-02-13";"GARZON RIVERA MARY SELENITA(ASAMBLEÍSTA)"
"PROYECTO DE LEY ORGÁNICA REFORMATORIA A LA LEY ORGÁNICA ELECTORAL Y DE ORGANIZACIONES POLÍTICAS, CÓDIGO DE LA DEMOCRACIA";"2025-06-01";"2025-01-07";"460980";"460980";"PROYECTO PRESENTADO";"No Asignado";null;"RAMOS CÁCERES DANIEL GUSTAVO(ASAMBLEÍSTA)"
"PROYECTO DE LEY ORGÁNICA DE COOPERACIÓN Y APOYO ENTRE LOS CENTROS DE PRIVACIÓN DE LIBERTAD Y LAS INSTITUCIONES PÚBLICAS DEL ECUADOR";"2025-01-04";"2025-01-04";"AN-HGAC-2025-0003-M";"AN-HGAC-2025-0003-M";"CALIFICACIÓN DEL CONSEJO DE ADMINISTRACIÓN LEGISLATIVA (CAL)";"Comisión de Soberanía, Integración y Seguridad Integral";"2025-03-21";"HERRERA GÓMEZ ANA CECILIA(ASAMBLEÍSTA)"
"PROYECTO DE LEY ORGÁNICA REFORMATORIA AL CÓDIGO ORGÁNICO DE ORGANIZACIÓN TERRITORIAL, AUTONOMÍA Y DESCENTRALIZACIÓN";"2024-12-27";"2024-12-27";"460772";"460772";"CALIFICACIÓN DEL CONSEJO DE ADMINISTRACIÓN LEGISLATIVA (CAL)";"Comisión de Gobiernos Autónomos, Descentralización, Competencias y Organización del Territorio";"2025-02-13";"MOLINA MENÉNDEZ MARÍA GABRIELA(ASAMBLEÍSTA)"
"PROYECTO DE LEY ORGÁNICA PARA EL DESARROLLO INTEGRAL Y EQUITATIVO POST-EXTRACTIVISTA DE LA CIRCUNSCRIPCIÓN TERRITORIAL ESPECIAL AMAZÓNICA";"2024-12-27";"2024-12-27";"460746";"460746";"RETIRADO";"Comisión de Bodiversidad y Recursos Naturales";"2025-02-13";"VALLADAREZ GONZÁLEZ HÉCTOR GUILLERMO(ASAMBLEÍSTA)"
"PROYECTO DE LEY ORGÁNICA REFORMATORIA A LA LEY ORGÁNICA PARA LA PLANIFICACIÓN Y DESARROLLO INTEGRAL DE LA CIRCUNSCRIPCIÓN TERRITORIAL ESPECIAL AMAZÓNICA PARA LA PARTICIPACIÓN DE PUEBLOS Y NACIONALIDADES INDÍGENAS";"2024-12-27";"2024-12-27";"460775";"460775";"AVOCO DEL PROYECTO POR PARTE DE LA COMISIÓN";"Comisión de Bodiversidad y Recursos Naturales";"2025-02-13";"WISUM SAANT PAYAR CELESTINO(ASAMBLEÍSTA)"
"PROYECTO DE LEY ORGÁNICA DE CELERIDAD PROCESAL DE LAS ACCIONES EJERCIDAS POR SERVIDORES PÚBLICOS";"2024-12-26";"2024-12-27";"460739";"460739";"PROYECTO PRESENTADO";"No Asignado";null;"BUESTAN CARABAJO PAÚL FERNANDO(ASAMBLEÍSTA)"
"PROYECTO DE LEY REFORMATORIA DE LA LEY DEL SISTEMA ECUATORIANO DE LA CALIDAD";"2024-12-27";"2024-12-27";"460756";"460756";"PROYECTO PRESENTADO";"No Asignado";null;"CHÁVEZ ZAVALA PATRICIO ALBERTO(ASAMBLEÍSTA)"
"PROYECTO DE LEY ORGÁNICA REFORMATORIA DE LA LEY ORGÁNICA PARA LA REGULACIÓN Y CONTROL DEL TABACO";"2024-12-27";"2024-12-27";"460744";"460744";"PROYECTO PRESENTADO";"No Asignado";null;"POSSO NARANJO LUCIA ANABELLE(ASAMBLEÍSTA)"
"PROYECTO DE LEY ORGÁNICA PARA LA HOMOLOGACIÓN DE UNIFORMES Y TECNOLOGÍAS DE VIGILANCIA EN LAS INSTITUCIONES DE SEGURIDAD PÚBLICA";"2024-12-26";"2024-12-26";"AN-VJJR-2024-0081-O";"AN-VJJR-2024-0081-O";"PROYECTO TRAMITADO EN PRIMER DEBATE";"Comisión de Soberanía, Integración y Seguridad Integral";"2025-02-13";"VELA JIMÉNEZ JOSÉ RAMIRO(ASAMBLEÍSTA)"
"PROYECTO DE LEY ORGÁNICA REFORMATORIA AL CÓDIGO ORGÁNICO INTEGRAL PENAL ""USO DE UNIFORMES DE LA POLICÍA NACIONAL, FUERZAS ARMADAS E INSTITUCIONES"" ESTABLECIDAS EN EL COESCOP PARA COMETIMIENTO DE DELITOS";"2024-12-23";"2024-12-23";"460633";"460633";"CALIFICACIÓN DEL CONSEJO DE ADMINISTRACIÓN LEGISLATIVA (CAL)";"Comisión de Justicia y Estructura del Estado";"2025-04-22";"ALARCÓN BUENO INÉS MARGARITA(ASAMBLEÍSTA)"
"PROYECTO DE LEY ORGÁNICA REFORMATORIA A LA LEY ORGÁNICA DE CULTURA PARA EL FOMENTO DEL EMPLEO ARTÍSTICO Y PROMOCIÓN DE LA CULTURA DE PAZ";"2024-12-17";"2024-12-20";"460570";"460570";"CALIFICACIÓN DEL CONSEJO DE ADMINISTRACIÓN LEGISLATIVA (CAL)";"Comisión de Educación, Cultura, Ciencia, Tecnología, Innovación y Saberes Ancestrales";"2025-02-13";"PASQUEL ANDRADE MARÍA TERESA DEL CARMEN(ASAMBLEÍSTA)"
"PROYECTO DE LEY ORGÁNICA REFORMATORIA A LA LEY ORGÁNICA DE EDUCACIÓN INTERCULTURAL";"2024-12-20";"2024-12-20";"AN-BTMO-2024-0057-M";"AN-BTMO-2024-0057-M";"PROYECTO PRESENTADO";"No Asignado";null;"BOHÓRQUEZ TAPIA MANUEL OSWAL(ASAMBLEÍSTA)"
"PROYECTO DE LEY ORGÁNICA REFORMATORIA A LA LEY ORGÁNICA ELECTORAL Y DE ORGANIZACIONES POLÍTICAS DE LA REPÚBLICA DEL ECUADOR - CÓDIGO DE LA DEMOCRACIA";"2024-12-19";"2024-12-19";"460467";"460467";"PROYECTO PRESENTADO";"No Asignado";null;"CRUZ ZAMBRANO CARLA MAGALY(ASAMBLEÍSTA)"
"PROYECTO DE LEY REFORMATORIA A LA LEY ORGÁNICA DE DEFENSA DEL CONSUMIDOR";"2024-12-18";"2024-12-18";"460416";"460416";"AVOCO DEL PROYECTO POR PARTE DE LA COMISIÓN";"Comisión de Desarrollo Económico, Productivo y la Microempresa";"2025-02-13";"POSSO NARANJO LUCIA ANABELLE(ASAMBLEÍSTA)"
"PROYECTO DE LEY ORGÁNICA REFORMATORIA AL CÓDIGO ORGÁNICO DE LA FUNCIÓN JUDICIAL";"2024-12-18";"2024-12-18";"460417";"460417";"PROYECTO PRESENTADO";"No Asignado";null;"POSSO NARANJO LUCIA ANABELLE(ASAMBLEÍSTA)"
"PROYECTO DE LEY ORGÁNICA REFORMATORIA DEL CÓDIGO DE LA DEMOCRACIA EN GARANTÍA DE LA PARTICIPACIÓN POLÍTICA DE LAS PERSONAS ECUATORIANAS RETORNADAS";"2024-12-18";"2024-12-18";"460422";"460422";"PROYECTO PRESENTADO";"No Asignado";null;"CUESTA SANTANA ESTHER ADELINA(ASAMBLEÍSTA)"
"PROYECTO DE LEY ORGÁNICA REFORMATORIA A VARIAS LEYES PARA GARANTIZAR LA FILIACIÓN DE LOS NIÑOS Y NIÑAS CONCEBIDOS A TRAVÉS DE MÉTODOS DE REPRODUCCIÓN ASISTIDA";"2024-12-18";"2024-12-18";"460451";"460451";"AVOCO DEL PROYECTO POR PARTE DE LA COMISIÓN";"Comisión de Protección Integral a Niñas, Niños y Adolescentes";"2025-02-13";"SALAZAR HIDALGO MÓNICA DE JESÚS(ASAMBLEÍSTA)/ HERRERA GÓMEZ ANA CECILIA(ASAMBLEÍSTA)"
"PROYECTO DE LEY ORGÁNICA REFORMATORIA AL CÓDIGO ORGÁNICO MONETARIO Y FINANCIERO";"2024-12-18";"2024-12-18";"460428";"460428";"AVOCO DEL PROYECTO POR PARTE DE LA COMISIÓN";"Comisión de Régimen Económico y Tributario y su Regulación y Control";"2025-02-13";"HOLGUÍN NARANJO MARCELA PRISCILA(ASAMBLEÍSTA)"
"PROYECTO DE LEY REFORMATORIA A LA LEY DE MINERÍA PARA PROMOVER LA REPARACIÓN EFICAZ DE LOS SECTORES AFECTADOS Y EL FOMENTO DE LA MINERÍA COMUNITARIA";"2024-12-18";"2024-12-18";"460440";"460440";"AVOCO DEL PROYECTO POR PARTE DE LA COMISIÓN";"Comisión de Bodiversidad y Recursos Naturales";"2025-02-13";"AROTINGO CUSHCAGUA ROSA MARGARITA(ASAMBLEÍSTA)"
"PROYECTO DE LEY ORGÁNICA PARA LA ERRADICACIÓN DE LA POBREZA EN LA REPÚBLICA DEL ECUADOR";"2024-12-18";"2024-12-18";"460442";"460442";"PROYECTO PRESENTADO";"No Asignado";null;"ALVARADO CAMPI LUIS RICARDO(ASAMBLEÍSTA)"
"PROYECTO DE LEY ORGÁNICA REFORMATORIA DEL CÓDIGO ORGÁNICO DE ORGANIZACIÓN TERRITORIAL, AUTONOMÍA Y DESCENTRALIZACIÓN PARA DEMOCRATIZAR LA PRESTACIÓN DE SERVICIOS DE CARÁCTER SOCIAL A GRUPOS DE ATENCIÓN PRIORITARIA A TRAVÉS DE LOS GOBIERNOS AUTÓNOMOS DESCENTRALIZADOS";"2024-12-18";"2024-12-18";"460421";"460421";"CALIFICACIÓN DEL CONSEJO DE ADMINISTRACIÓN LEGISLATIVA (CAL)";"Comisión de Gobiernos Autónomos, Descentralización, Competencias y Organización del Territorio";"2025-02-13";"NORIEGA DONOSO JAHIREN ELIZABETH(ASAMBLEÍSTA)"
"PROYECTO DE LEY ORGÁNICA REFORMATORIA A LA LEY ORGÁNICA DEL SERVICIO EXTERIOR PARA LA MODERNIZACIÓN, SIMPLIFICACIÓN DE TRÁMITES Y ATENCIÓN PRIORITARIA CONSULAR";"2024-12-17";"2024-12-18";"460424";"460424";"INFORME NO VINCULANTE UTL";"No Asignado";null;"LAVAYEN TAMAYO JOHNNY ALFREDO(ASAMBLEÍSTA)"
"PROYECTO DE LEY ORGÁNICA REFORMATORIA A LA LEY ORGÁNICA DEL SISTEMA NACIONAL DE CONTRATACIÓN PÚBLICA";"2024-12-18";"2024-12-18";"460420";"460420";"AVOCO DEL PROYECTO POR PARTE DE LA COMISIÓN";"Comisión de Régimen Económico y Tributario y su Regulación y Control";"2025-02-13";"SANMARTÍN PARRA FABIOLA MARIBEL(ASAMBLEÍSTA)"
"PROYECTO DE LEY ORGÁNICA DE PROTECCIÓN A TRABAJADORES DE PLATAFORMAS DIGITALES DE SERVICIOS";"2024-12-18";"2024-12-18";"460348";"460348";"PROYECTO PRESENTADO";"No Asignado";null;"CORREA DELGADO PIERINA SARA MERCEDES(ASAMBLEÍSTA)"
"PROYECTO DE LEY ORGÁNICA REFORMATORIA A LA LEY ORGÁNICA DE VIGILANCIA Y SEGURIDAD PRIVADA PARA LA INCLUSIÓN LABORAL DE MIGRANTES RETORNADOS Y RESIDENTES EXTRANJEROS";"2024-12-17";"2024-12-18";"460425";"460425";"CALIFICACIÓN DEL CONSEJO DE ADMINISTRACIÓN LEGISLATIVA (CAL)";"Comisión del Derecho al Trabajo y a la Seguridad Social";"2025-04-22";"LAVAYEN TAMAYO JOHNNY ALFREDO(ASAMBLEÍSTA)"
"PROYECTO DE LEY ORGÁNICA REFORMATORIA ANTIACOSO TELEFÓNICO Y POR PLATAFORMA DE MENSAJERÍA INSTANTÁNEA Y SMS";"2024-12-18";"2024-12-18";"460488";"460488";"PROYECTO PRESENTADO";"No Asignado";null;"JARAMILLO ZURITA LUCÍA LIZBETH(ASAMBLEÍSTA)"
"PROYECTO DE LEY REFORMATORIA AL CÓDIGO DEL TRABAJO";"2024-12-18";"2024-12-18";"460429";"460429";"PROYECTO PRESENTADO";"No Asignado";null;"HOLGUÍN NARANJO MARCELA PRISCILA(ASAMBLEÍSTA)"
"PROYECTO DE LEY ORGÁNICA PARA DECLARAR EL 20 DE DICIEMBRE COMO DÍA NACIONAL DE LA BATALLA DE VERDELOMA";"2024-12-17";"2024-12-17";"460570";"460570";"PROYECTO PRESENTADO";"No Asignado";null;"SANMARTÍN PARRA FABIOLA MARIBEL(ASAMBLEÍSTA)"
"PROYECTO DE LEY ORGÁNICO REFORMATORIO DEL CÓDIGO ORGÁNICO DE ENTIDADES DE SEGURIDAD Y CONTROL DEL ORDEN PÚBLICO";"2024-12-16";"2024-12-17";"460376";"460376";"CALIFICACIÓN DEL CONSEJO DE ADMINISTRACIÓN LEGISLATIVA (CAL)";"Comisión de Soberanía, Integración y Seguridad Integral";"2025-02-13";"YUMBAY YALLICO MARIANA(ASAMBLEÍSTA)"
"PROYECTO DE LEY ORGÁNICA REFORMATORIA DE LA LEY ORGÁNICA DE LA FUNCIÓN LEGISLATIVA, PARA LA CONFORMACIÓN DE LA COMISIÓN ESPECIALIZADA PERMANENTE DE LA ECONOMÍA POPULAR Y SOLIDARIA";"2024-12-13";"2024-12-13";"460222";"460222";"PROYECTO PRESENTADO";"No Asignado";null;"ACHI SIBRI AUDY MARCELO(ASAMBLEÍSTA)"
"PROYECTO DE LEY ORGÁNICA REFORMATORIA DE LA LEY ORGÁNICA DE LA ECONOMÍA POPULAR Y SOLIDARIA, PARA LA OPTIMIZACIÓN DEL REGISTRO ÚNICO DE LA ECONOMÍA POPULAR Y SOLIDARIA - RUEPS";"2024-12-13";"2024-12-13";"460221";"AN-ASAM-2024-0241-M";"AVOCO DEL PROYECTO POR PARTE DE LA COMISIÓN";"Comisión de Desarrollo Económico, Productivo y la Microempresa";"2024-12-31";"ACHI SIBRI AUDY MARCELO(ASAMBLEÍSTA)"
"PROYECTO DE LEY ORGÁNICA REFROMATORIA DE LA LEY ORGÁNICA DEL SISTEMA NACIONAL DE CONTRATACIÓN PÚBLICA";"2024-12-13";"2024-12-13";"AN-DERA-2024-0082-M";"AN-DERA-2024-0082-M";"PROYECTO PRESENTADO";"No Asignado";null;"DAVILA EGUEZ RAFAEL ANTONIO(ASAMBLEÍSTA)"
"PROYECTO DE LEY ORGÁNICA REFORMATORIA AL CÓDIGO ORGÁNICO INTEGRAL PENAL";"2024-12-13";"2024-12-13";"460200";"460200";"PROYECTO PRESENTADO";"No Asignado";null;"ERBS ESTUPIÑÁN MARÍA MERCEDES(ASAMBLEÍSTA)"
"PROYECTO DE LEY ORGÁNICA DE JUBILACIÓN ESPECIAL DE LA INDUSTRIA DEL CEMENTO";"2024-12-13";"2024-12-13";"460154";"460154";"AVOCO DEL PROYECTO POR PARTE DE LA COMISIÓN";"Comisión del Derecho al Trabajo y a la Seguridad Social";"2024-12-31";"TIUPUL URQUIZO CARMEN YOLANDA(ASAMBLEÍSTA)"
"PROYECTO DE LEY ORGÁNICA REFORMATORIA DE LA LEY ORGÁNICA DE RECRUSOS HÍDRICOS, USOS Y APROVECHAMIENTO DEL AGUA PARA FORTALECER MECANISMOS DE PARTICIPACIÓN Y ACCESO EQUITATIVO COMUNITARIO AL AGUA";"2024-12-13";"2024-12-13";"460201";"460201";"PROYECTO PRESENTADO";"No Asignado";null;"ERBS ESTUPIÑÁN MARÍA MERCEDES(ASAMBLEÍSTA)"
"PROYECTO DE LEY ORGÁNICA REFORMATORIA AL CÓDIGO ORGÁNICO INTEGRAL PENAL REFERENTE A LA PENA DE RETENCIÓN VEHICULAR SEGÚN LAS CONTRAVENCIONES DE PRIMERA CLASES";"2024-12-12";"2024-12-12";"460133";"460133";"PROYECTO PRESENTADO";"No Asignado";null;"GALARZA AÑAZCO ANA MERCEDES(ASAMBLEÍSTA)"
"PROYECTO DE LEY ORGÁNICA REFORMATORIA AL CÓDIGO ORGÁNICO INTEGRAL PENAL QUE TIPIFICA EL DELITO DE FEMICIDIO POR CONEXIÓN";"2024-12-12";"2024-12-12";"460140";"460140";"PROYECTO PRESENTADO";"No Asignado";null;"JARAMILLO MARTÍNEZ ROBERTO FERNANDO(ASAMBLEÍSTA)"
"PROYECTO DE LEY REFORMATORIA AL CÓDIGO DEL TRABAJO PARA LA ARMONIZACIÓN DE PROCEDIMIENTOS LABORALES DE CARACTER ADMINISTRATIVO";"2024-12-12";"2024-12-12";"460180";"460180";"PROYECTO PRESENTADO";"No Asignado";null;"ORTIZ VILLAVICENCIO JOHANNA CECIBEL(ASAMBLEÍSTA)"
"PROYECTO DE LEY REFORMTORIA SOCIAL A DIVERSAS LEYES PARA LA PROTECCIÓN DE LOS DERECHOS DE LOS TRABAJADORES EN UN MARCO DE JUSTICIA Y EQUIDAD";"2024-12-12";"2024-12-12";"4560179";"460179";"PROYECTO PRESENTADO";"No Asignado";null;"ORTIZ VILLAVICENCIO JOHANNA CECIBEL(ASAMBLEÍSTA)"
"PROYECTO DE LEY ORGÁNICA REFORMATORIA LA CODIFICACION DE LA LEY ORGÁNICA DE EDUCACIÓN INTERCULTURAL";"2024-12-10";"2024-12-11";"460090";"460090";"RETIRADO";"No Asignado";null;"ARCE PLUAS ALEXANDRA MANUELA(ASAMBLEÍSTA)/ PLÚAS ARIAS NELLY ZOLANDA(ASAMBLEÍSTA)"
"PROYECTO DE LEY ORGÁNICA PARA EL FOMENTO, PRODUCCIÓN, COMERCIALIZACIÓN CONSUMO Y FIJACIÓN DEL PRECIO DE SUSTENTACIÓN DE LA PAPA EN EL ECUADOR";"2024-12-11";"2024-12-11";"AN-LABR-2024-0021-M";"AN-LABR-2024-0021-M";"INFORME PARA PRIMER DEBATE";"Comisión de Soberanía Alimentaria y Desarrollo del Sector Agropecuario y Pesquero";"2025-02-19";"LUNA ARÉVALO BLASCO REMIGIO(ASAMBLEÍSTA)"
"PROYECTO DE LEY ORGÁNICA REFORMATORIA A LA LEY ORGÁNICA DE EDUCACIÓN SUPERIOR, PARA RECONOCER EL MÉRTIO ACADÉMICO DE LOS BACHILLERES";"2024-12-09";"2024-12-09";"459971";"459971";"PROYECTO PRESENTADO";"No Asignado";null;"ZAPATA ROJAS HERNÁN PATRICIO(ASAMBLEÍSTA)"
"PROYECTO DE LEY ORGÁNICA PARA LA PREVENCIÓN, DIAGNÓSTICO, TRATAMIENTO Y CONTROL DEL CÁNCER EN EL ECUADOR";"2024-12-05";"2024-12-05";"459876";"AN-CBJL-2024-0100-M";"AVOCO DEL PROYECTO POR PARTE DE LA COMISIÓN";"Comisión del Derecho a la Salud y el Deporte";"2024-12-19";"GUEVARA BENAVIDEZ JORGE LUIS(ASAMBLEÍSTA)"
"PROYECTO DE LEY ORGÁNICA REFORMATORIA A LEY ORGÁNICA DE EDUCACIÓN INTERCULTURAL (CODIFICADA)";"2024-12-05";"2024-12-05";"459843";"459843";"AVOCO DEL PROYECTO POR PARTE DE LA COMISIÓN";"Comisión de Educación, Cultura, Ciencia, Tecnología, Innovación y Saberes Ancestrales";"2024-12-19";"POSSO NARANJO LUCIA ANABELLE(ASAMBLEÍSTA)"
"PROYECTO DE LEY ORGÁNICA REFORMATORIAA VARIOS CUERPOS LEGALES PARA PROMOVER LA INCLUSIÓN LABORAL DE PERSONAS MAYORES DE 50 AÑOS DE EDAD EN EL SECTOR PÚBLICO Y PRIVADO";"2024-12-05";"2024-12-05";"459873";"AN-VPOS-2024-0020-ME";"PROYECTO PRESENTADO";"No Asignado";null;"ACAITURRI VILLA VARAS JORGE ENRIQUE(ASAMBLEÍSTA)/ ÁLVAREZ GRANDA JORGE HERMEL(ASAMBLEÍSTA)/ VERA PALACIOS OTTO SANTIAGO(ASAMBLEÍSTA)"
"PROYECTO DE LEY INTERPRETATIVA A LA LEY DE RÉGIMEN TRIBUATRIO INTERNO PARA LA CORRECTA APLICACIÓN Y RECONOCIMIENTO DE LA CORRESPONSABILIDAD PARENTAL EN LA REBAJA DEL IMPUESTO A LA RENTA";"2024-12-05";"2024-12-05";"459878";"AN-OVJC-2024-0179-M";"PROYECTO PRESENTADO";"No Asignado";null;"ORTIZ VILLAVICENCIO JOHANNA CECIBEL(ASAMBLEÍSTA)"
"PROYECTO DE LEY REFORMATORIA A LA LEY DE COMPAÑÍAS";"2024-12-05";"2024-12-05";"459844";"459844";"AVOCO DEL PROYECTO POR PARTE DE LA COMISIÓN";"Comisión de Desarrollo Económico, Productivo y la Microempresa";"2024-12-31";"POSSO NARANJO LUCIA ANABELLE(ASAMBLEÍSTA)"
"PROYECTO DE LEY CONTRA LA CORRUPCIÓN Y PROMOCIÓN DE LA TRANSPARENCIA EN LA GESTIÓN PÚBLICA";"2024-12-05";"2024-12-05";"459839";"FTCS-2024-0043-OF";"CALIFICACIÓN DEL CONSEJO DE ADMINISTRACIÓN LEGISLATIVA (CAL)";"Comisión de Justicia y Estructura del Estado";"2024-12-19";"TORRES MALDONADO XAVIER MAURICIO(FUNCION DE TRANSPARENCIA Y CONTROL SOCIAL)"
"PROYECTO DE LEY REFORMATORIA AL CÓDIGO DEL TRABAJO Y LA LEY ORGÁNICA DE SERVICIO PÚBLICO PARA GARANTIZAR EL DERECHO AL TRABAJO JUVENIL";"2024-12-04";"2024-12-04";"459755";"AN-CHAHA-2024-0057-M";"PROYECTO PRESENTADO";"No Asignado";null;"CHÁVEZ ANGAMARCA HUMBERTO AMADO(ASAMBLEÍSTA)"
"PROYECTO DE LEY ORGÁNICA REFORMATORIA A LA LEY ORGÁNICA DE SERVICIO PÚBLICO, ARTÍCULO 9, INHABILIDAD ESPECIAL POR MORA";"2024-12-04";"2024-12-04";"459769";"459769";"INFORME NO VINCULANTE UTL";"No Asignado";null;"POLANCO LARA JOHN EDISON(ASAMBLEÍSTA)"
"PROYECTO DE LEY ORGÁNICA REFORMATORIA AL CÓDIGO DE LA NIÑEZ Y ADOLESCENCIA";"2024-11-28";"2024-11-28";"459488";"AN-RCAY-2024-0091-M";"AVOCO DEL PROYECTO POR PARTE DE LA COMISIÓN";"Comisión de Protección Integral a Niñas, Niños y Adolescentes";"2024-12-19";"RIVADENEIRA CALDERÓN ANDREA YALU(ASAMBLEÍSTA)"
"PROYECTO DE LEY ORGÁNICA DE PREVENCIÓN DE CONFLICTO DE INTERÉS";"2024-11-21";"2024-11-27";"459445";"AN-VRRV-2024-0068-M";"PROYECTO TRAMITADO EN PRIMER DEBATE";"Comisión de Transparencia, Participación Ciudadana y Control Social";"2024-12-19";"VELOZ RAMÍREZ REBECA VIVIANA(ASAMBLEÍSTA)"
"PROYECTO DE LEY ORGÁNICA DEL E-GOBIERNO";"2024-11-26";"2024-11-27";"459399";"459399";"RETIRADO";"No Asignado";null;"CASTILLO CAMPOVERDE ALEXANDRA ANDREA(ASAMBLEÍSTA)"
"PROYECTO DE LEY ORGÁNICA REFORMATORIA A  LA LEY ORGÁNICA DE EDUCACIÓN SUPERIOR";"2024-11-27";"2024-11-27";"459409";"459409";"AVOCO DEL PROYECTO POR PARTE DE LA COMISIÓN";"Comisión de Educación, Cultura, Ciencia, Tecnología, Innovación y Saberes Ancestrales";"2024-12-19";"MÉNDEZ ROJAS FERNANDA MABEL(ASAMBLEÍSTA)"
"PROYECTO DE LEY ORGÁNICA SOBRE USO Y REGULACIÓN DE TECNOLOGÍAS BLOCKCHAIN EN ECUADOR";"2024-11-26";"2024-11-27";"459398";"459398";"RETIRADO";"No Asignado";null;"CASTILLO CAMPOVERDE ALEXANDRA ANDREA(ASAMBLEÍSTA)"
"PROYECTO DE LEY ORGÁNICA REFORMATORIA DE LA LEY ORGÁNICA DE EDUCACIÓN SUPERIOR PARA GARANTIZAR LA ADECUADA ASIGNACIÓN DE RECURSOS A LA EDUCACIÓN SUPERIOR";"2024-11-27";"2024-11-27";"459400";"459400";"AVOCO DEL PROYECTO POR PARTE DE LA COMISIÓN";"Comisión de Educación, Cultura, Ciencia, Tecnología, Innovación y Saberes Ancestrales";"2024-12-19";"NORIEGA DONOSO JAHIREN ELIZABETH(ASAMBLEÍSTA)"
"PROYECTO DE LEY ORGÁNICA REFORMATORIA A LA LEY ORGÁNICA REFORMATORIA A LA LEY ORGÁNICA DE LA CONTRALORÍA GENERAL DEL ESTADO PARA COBRAR LAS OBLIGACIONES ECONÓMICAS ESTABLECIDAS EN LAS GLOSAS";"2024-11-26";"2024-11-26";"459348";"AN-MEAG-2024-51";"PROYECTO PRESENTADO";"No Asignado";null;"MORENO ENCALADA ARTURO GERMÁN(ASAMBLEÍSTA)"
"PROYECTO DE LEYORGANÍCA REFORMATORIA A LA LEY DE SEGURIDAD PÚBLICA DEL ESTADO";"2024-11-25";"2024-11-25";"459257";"459257";"PROYECTO PRESENTADO";"No Asignado";null;"HERRERA GÓMEZ ANA CECILIA(ASAMBLEÍSTA)/ CABEZAS CASTILLO JANETH PAOLA(ASAMBLEÍSTA)/ MAYORGA TAPIA ROSA BELÉN(ASAMBLEÍSTA)"
"PROYECTO DE LEY ORGÁNICA REFORMATORIA A DIVERSAS LEYES PARA PROMOVER LA IGUALDAD DE GÉNERO EN LA PROMOCIÓN, DIFUSIÓN, PUBLICIDAD Y PROPAGANDA DE EVENTOS DEPORTIVOS";"2024-11-25";"2024-11-25";"459262";"AN-OVJC-2024-0171-M";"AVOCO DEL PROYECTO POR PARTE DE LA COMISIÓN";"Comisión del Derecho a la Salud y el Deporte";"2024-12-31";"ORTIZ VILLAVICENCIO JOHANNA CECIBEL(ASAMBLEÍSTA)"
"PROYECTO DE LEY ORGÁNICA REFORMATORIA AL CÓDIGO ORGÁNICO INTEGRAL PENAL";"2024-11-25";"2024-11-25";"459250";"459250";"AVOCO DEL PROYECTO POR PARTE DE LA COMISIÓN";"Comisión de Justicia y Estructura del Estado";"2024-12-06";"HERRERA GÓMEZ ANA CECILIA(ASAMBLEÍSTA)/ CABEZAS CASTILLO JANETH PAOLA(ASAMBLEÍSTA)/ MAYORGA TAPIA ROSA BELÉN(ASAMBLEÍSTA)"
"PROYECTO DE LEY ORGÁNICA REFORMATORIA A LA LEY ORGÁNICA ELECTORAL Y DE ORGANIZACIONES POLÍTICAS DE LA REPÚBLICA DEL ECUADOR, CÓDIGO DE LA DEMOCRACIA";"2024-11-25";"2024-11-25";"459251";"459251";"CALIFICACIÓN DEL CONSEJO DE ADMINISTRACIÓN LEGISLATIVA (CAL)";"Comisión de Justicia y Estructura del Estado";"2024-12-19";"HERRERA GÓMEZ ANA CECILIA(ASAMBLEÍSTA)/ CABEZAS CASTILLO JANETH PAOLA(ASAMBLEÍSTA)/ MAYORGA TAPIA ROSA BELÉN(ASAMBLEÍSTA)"
"PROYECTO DE LEY ORGÁNICA REFORMATORIA A VARAIS LEYES PARA EL FOMENTO DEL DEPORTE, EDUCACIÓN FÍSICA Y RECREACIÓN";"2024-11-22";"2024-11-22";"AN-SHMJ-2024-0295-M";"AN-SHMJ-2024-0295-M";"AVOCO DEL PROYECTO POR PARTE DE LA COMISIÓN";"Comisión del Derecho a la Salud y el Deporte";"2024-12-06";"SALAZAR HIDALGO MÓNICA DE JESÚS(ASAMBLEÍSTA)"
"PROYECTO DE LEY ORGÁNICA REFORMATORIA Y PARTICIPATIVA DE LA LEY ORGÁNICA DE MOVILIDAD HUMANA";"2024-11-21";"2024-11-21";"459079";"459079";"AVOCO DEL PROYECTO POR PARTE DE LA COMISIÓN";"Comisión de Relaciones Internacionales y Movilidad Humana";"2024-12-19";"CUESTA SANTANA ESTHER ADELINA(ASAMBLEÍSTA)"
"PROYECTO DE LEY ORGÁNICA REFORMATORIA A LA LEY ORGÁNICA DEL SISTEMA NACIONAL DE CONTRATACIÓN PÚBLICA PARA LA TRANSPARENCIA Y RESPONSABILIDAD EN LA SUBCONTRATACIÓN";"2024-11-21";"2024-11-21";"459091";"459091";"CALIFICACIÓN DEL CONSEJO DE ADMINISTRACIÓN LEGISLATIVA (CAL)";"Comisión del Derecho al Trabajo y a la Seguridad Social";"2024-12-19";"ORTIZ VILLAVICENCIO JOHANNA CECIBEL(ASAMBLEÍSTA)"
"PROYECTO DE LEY ORGÁNICA DE GUARDAPARQUES PARA LA CONSERVACIÓN, CONTROL, VIGILANCIA Y SEGURIDAD DE LOS SUBSISTEMAS ESTATAL Y AUTÓNOMO DESCENTRALIZADO DE ÁREAS PROTEGIDAS DEL ECUADOR";"2024-11-21";"2024-11-21";"459075";"459075";"AVOCO DEL PROYECTO POR PARTE DE LA COMISIÓN";"Comisión del Derecho al Trabajo y a la Seguridad Social";"2024-12-19";"SAMANIEGO MAIGUA FRANKLIN OMAR(ASAMBLEÍSTA)"
"PROYECTO DE LEY ORGÁNICA REFORMATORIA A LA LEY ORGÁNICA ELECTORAL Y DE ORGANIZACIONES POLÍTICAS DE LA REPÚBLICA DEL ECUADRO - CÓDIGO DE LA DEMOCRACIA POR UNA JUSTICIA ELECTORAL TRANSPARENTE E INDPENDIENTE";"2024-11-20";"2024-11-20";"459018";"459018";"CALIFICACIÓN DEL CONSEJO DE ADMINISTRACIÓN LEGISLATIVA (CAL)";"Comisión de Justicia y Estructura del Estado";"2024-12-06";"POSSO NARANJO LUCIA ANABELLE(ASAMBLEÍSTA)"
"PROYECTO DE LEY ORGÁNICA REFORMATORIA AL CÓDIGO ORGÁNICO MONETARIO Y FINANCIERO LIBRO I";"2024-11-18";"2024-11-18";"AN-GBJL-2024-0092-M";"AN-GBJL-2024-0092-M";"AVOCO DEL PROYECTO POR PARTE DE LA COMISIÓN";"Comisión de Régimen Económico y Tributario y su Regulación y Control";"2024-12-19";"GUEVARA BENAVIDEZ JORGE LUIS(ASAMBLEÍSTA)"
"PROYECTO DE LEY ORGÁNICA REFORMATORIA A LA LYE DE DEFENSA DEL TRABAJADOR AUTÓNOMO Y DEL COMERCIANTE MINORISTA";"2024-11-14";"2024-11-14";"458723";"AN-SMFO-2024-0317-M";"AVOCO DEL PROYECTO POR PARTE DE LA COMISIÓN";"Comisión del Derecho al Trabajo y a la Seguridad Social";"2024-12-06";"SAMANIEGO MAIGUA FRANKLIN OMAR(ASAMBLEÍSTA)"
"PROYECTO DE LEY ORGÁNICA REFORMATORIA AL CÓDIGO DEL TRABAJO Y LEY ORGÁNICA DE SERVICIO PÚBLICO PARA GARANTIZAR LOS DERECHOS LABROALES DE LAS PERSONAS JÓVENES";"2024-11-12";"2024-11-14";"458698";"AN-078-MYY-2024";"PROYECTO PRESENTADO";"No Asignado";null;"YUMBAY YALLICO MARIANA(ASAMBLEÍSTA)"
"PROYECTO DE LEY ORGÁNICA REFORMATORIA A VARIOS CUERPOS LEGALES PARA GARANTIZAR EL ALIVIO FINANCIERO A LOS DEUDORES DE LA BANCA PÚBLICA";"2024-11-12";"2024-11-14";"458682";"458682";"CALIFICACIÓN DEL CONSEJO DE ADMINISTRACIÓN LEGISLATIVA (CAL)";"No se Asigna Comisión por calificación Negada";"2024-09-04";"CABEZAS CASTILLO JANETH PAOLA(ASAMBLEÍSTA)/ GARZÓN MONTEROS GISSELA SIOMARA(ASAMBLEÍSTA)/ ULCUANGO FARINANGO RICARDO(ASAMBLEÍSTA)"
"PROYECTO DE LEY ORGÁNICA DE APROVECHAMIENTO DIGITAL E INTELIGENCIA ARTIFICIAL PARA NIÑAS, NIÑOS Y ADOLESCENTES";"2024-11-14";"2024-11-14";"458726";"AN-CDPS-2024-0083-M";"CALIFICACIÓN DEL CONSEJO DE ADMINISTRACIÓN LEGISLATIVA (CAL)";"No se Asigna Comisión por calificación Negada";"2024-10-10";"CORREA DELGADO PIERINA SARA MERCEDES(ASAMBLEÍSTA)"
"PROYECTO DE LEY ORGÁNICA REFORMATORIA A LA LEY ORGÁNICA DE MOVILIDAD HUMANA - MENAJE DE CASA, EQUIPOS DE TRABAJO, VEHÍCULO, AUTOMOTOR O MOTOCICLETA";"2024-11-13";"2024-11-13";"458652";"458652";"AVOCO DEL PROYECTO POR PARTE DE LA COMISIÓN";"Comisión de Relaciones Internacionales y Movilidad Humana";"2024-12-06";"MATEUS ACOSTA GUSTAVO ENRIQUE(ASAMBLEÍSTA)"
"PROYECTO DE LEY ORGÁNICA REFORMATORIA A LA LEY ORGÁNICA DE LA FUNCIÓN LEGISLATIVA";"2024-11-13";"2024-11-13";"458655";"458655";"PROYECTO PRESENTADO";"No Asignado";null;"MATEUS ACOSTA GUSTAVO ENRIQUE(ASAMBLEÍSTA)"
"PROYECTO DE LEY ORGÁNICA REFORMATORIA AL ARTÍCULO 129  DE LA LEY ORGÁNICA DE SERVICIO PÚBLICO PARA GARANTIZAR EL BENEFICIO DE JUBILACIÓN DE LAS SERVIDORAS Y SERVIDORES PÚBLICOS";"2024-11-13";"2024-11-13";"458650";"458650";"CALIFICACIÓN DEL CONSEJO DE ADMINISTRACIÓN LEGISLATIVA (CAL)";"Comisión del Derecho al Trabajo y a la Seguridad Social";"2024-12-06";"VALLADAREZ GONZÁLEZ HÉCTOR GUILLERMO(ASAMBLEÍSTA)"
"PROYECTO DE LEY ORGÁNICA REFORMATORIA A LA LEY ORGÁNICA DEL SERVICIO PÚBLICO DE ENERGÍA ELÉCTRICA PARA IMPULSAR LA TRANSICIÓN A FUENTES ENERGÉTICAS RENOVABLES NO CONVENCIONALES EN LA PROVINCIA DE GALÁPAGOS";"2024-11-13";"2024-11-13";"458619";"AN-JLRV-2024-016-M";"CALIFICACIÓN DEL CONSEJO DE ADMINISTRACIÓN LEGISLATIVA (CAL)";"No se Asigna Comisión por calificación Negada";"2024-12-06";"ROGEL VILLACÍS JOSE LENÍN(ASAMBLEÍSTA)"
"PROYECTO DE LEY ORGÁNICA REFORMATORIA A LA LEY ORGÁNICA DE MOVILIDAD HUMANA - REPATRICIÓN DE RESTOS MORTALES";"2024-11-13";"2024-11-13";"458651";"458651";"AVOCO DEL PROYECTO POR PARTE DE LA COMISIÓN";"Comisión de Relaciones Internacionales y Movilidad Humana";"2024-12-06";"MATEUS ACOSTA GUSTAVO ENRIQUE(ASAMBLEÍSTA)"
"PROYECTO DE LEY ORGÁNICA REFORMATORIA A LA LEY ORGÁNICA DE EDUCACIÓN SUPERIOR";"2024-11-13";"2024-11-13";"458653";"458653";"CALIFICACIÓN DEL CONSEJO DE ADMINISTRACIÓN LEGISLATIVA (CAL)";"No Asignado";null;"MATEUS ACOSTA GUSTAVO ENRIQUE(ASAMBLEÍSTA)"
"PROYECTO DE LEY ORGÁNICA REFORMATORIA A LA LEY ORGÁNICA DE EDUCACIÓN INTERCULTURAL";"2024-11-12";"2024-11-12";"AN-BTMO-2024-0045-M";"AN-BTMO-2024-0045-M";"PROYECTO PRESENTADO";"No Asignado";null;"BOHÓRQUEZ TAPIA MANUEL OSWAL(ASAMBLEÍSTA)"
"PROYECTO DE LEY ORGÁNICA REFORMATORIA AL CÓDIGO ORGÁNICO DE ORGANIZACIÓN TERRITORIAL, AUTONOMÍA Y DESCENTRALIZACIÓN";"2024-11-12";"2024-11-12";"458516";"060-RFJM-2024";"CALIFICACIÓN DEL CONSEJO DE ADMINISTRACIÓN LEGISLATIVA (CAL)";"Comisión de Gobiernos Autónomos, Descentralización, Competencias y Organización del Territorio";"2024-11-22";"JARAMILLO MARTÍNEZ ROBERTO FERNANDO(ASAMBLEÍSTA)"
"PROYECTO DE LEY ORGÁNICA PARA LA MEJORA RECAUDATORIA A TRAVÉS DEL COMBATE AL LAVADO DE ACTIVOS";"2024-11-08";"2024-11-08";"T.408-SGJ-24-0424";"T.408-SGJ-24-0424";"ARCHIVADO";"Comisión de Régimen Económico y Tributario y su Regulación y Control";"2024-11-13";"NOBOA AZIN DANIEL ROY-GILCHRIST(PRESIDENCIA DE LA REPÚBLICA)"
"PROYECTO DE LEY ORGÁNICA REFORMATORIA A DIVERSAS LEYES PARA LA PUBLICIDAD DE LA EXISTENCIA DE TESTAMENTOS Y MODERNIZACIÓN CONFORME LAS NUEVAS TECNOLOGÍAS";"2024-11-07";"2024-11-07";"458320";"AN-OVJC-2024-0163-M";"CALIFICACIÓN DEL CONSEJO DE ADMINISTRACIÓN LEGISLATIVA (CAL)";"Comisión de Justicia y Estructura del Estado";"2024-11-22";"ORTIZ VILLAVICENCIO JOHANNA CECIBEL(ASAMBLEÍSTA)"
"PROYECTO DE LEY ORGÁNICA REFORMATORIA A LA LEY ORGÁNICA DE PROTECCIÓ DE DATOS PERSONALES Y AL CÓDIGO CIVIL PARA EL RECONOCIMIENTO DEL TESTAMENTO DIGITAL";"2024-11-07";"2024-11-07";"458321";"AN-OVJC-2024-0162-M";"CALIFICACIÓN DEL CONSEJO DE ADMINISTRACIÓN LEGISLATIVA (CAL)";"Comisión de Justicia y Estructura del Estado";"2024-11-22";"ORTIZ VILLAVICENCIO JOHANNA CECIBEL(ASAMBLEÍSTA)"
"PROYECTO DE LEY ORGÁNICA PARA EL ALIVIO FINANCIERO Y EL FORTALECIMIENTO ECONÓMICO DE LAS GENERACIONES EN EL ECUADOR";"2024-11-07";"2024-11-07";"T.409-SGJ-24-0421";"T.409-SGJ-24-0421";"REGISTRO OFICIAL";"Comisión de Desarrollo Económico, Productivo y la Microempresa";"2024-11-13";"NOBOA AZIN DANIEL ROY-GILCHRIST(PRESIDENCIA DE LA REPÚBLICA)"
"PROYECTO DE REFORMA AL CÓDIGO CIVIL";"2024-11-06";"2024-11-06";"458220";"AN-RCBY-2024-0670-OF";"CALIFICACIÓN DEL CONSEJO DE ADMINISTRACIÓN LEGISLATIVA (CAL)";"Comisión de Justicia y Estructura del Estado";"2024-12-06";"BALTAZAR YUCAILLA ROSA CECILIA(ASAMBLEÍSTA)"
"PROYECTO DE LEY ORGÁNICA REFORMATORIA AL CÓDIGO ORGÁNICO INTEGRAL PENAL";"2024-11-06";"2024-11-06";"458243";"458243";"CALIFICACIÓN DEL CONSEJO DE ADMINISTRACIÓN LEGISLATIVA (CAL)";"Comisión de Justicia y Estructura del Estado";"2024-11-22";"VERA MORA CARLOS EDILBERTO(ASAMBLEÍSTA)"
"PROYECTO DE LEY ORGÁNICA REFORMATORIA A LA LEY ORGÁNICA DE LAS PERSONAS ADULTAS MAYORES";"2024-10-30";"2024-10-30";"458057";"AN-MEAG-2024-49";"PROYECTO PRESENTADO";"No Asignado";null;"MORENO ENCALADA ARTURO GERMÁN(ASAMBLEÍSTA)"
"PROYECTO DE  ORGÁNICA REFORMATORIA AL CÓDIGO ORGÁNICO INTEGRAL PENAL PARA EL IMPULSO DE LAS ACTIVIDADES AGROPRODUCTIVAS";"2024-10-30";"2024-10-30";"458061";"AN-ADGM-2024-0174-O";"AVOCO DEL PROYECTO POR PARTE DE LA COMISIÓN";"Comisión de Justicia y Estructura del Estado";"2024-11-13";"GARCÍA MEJÍA ADRIANA DENISSE(ASAMBLEÍSTA)"
"PROYECTO DE LEY ORGÁNICA REFORMATORIA A LA LEY ORGÁNICA DE EDUCACIÓN SUPERIOR PARA EL LIBRE INGRESO DE LOS ESTUDIANTES BACHILLERES AL SISTEMA DE EDUCACIÓN SUPERIOR";"2024-10-30";"2024-10-30";"458027";"AN-ANMF-2024-22-M";"CALIFICACIÓN DEL CONSEJO DE ADMINISTRACIÓN LEGISLATIVA (CAL)";"Comisión de Educación, Cultura, Ciencia, Tecnología, Innovación y Saberes Ancestrales";"2024-12-06";"ARAUJO NOBOA MARÍA FERNANDA(ASAMBLEÍSTA)/ ÁLVAREZ GRANDA JORGE HERMEL(ASAMBLEÍSTA)"
"PROYECTO DE LEY PARA EL DESARROLLO SOSTENIBLE DEL CAFE Y DE LA CAFICULTURA";"2024-10-30";"2024-10-30";"AN-PZME-2024-0131-M";"AN-PZME-2024-0131-M";"AVOCO DEL PROYECTO POR PARTE DE LA COMISIÓN";"Comisión de Soberanía Alimentaria y Desarrollo del Sector Agropecuario y Pesquero";"2024-11-13";"PALACIOS ZAMBRANO MÓNICA ESTEFANÍA(ASAMBLEÍSTA)"
"PROYECTO DE LEY ORGÁNICA REFORMATORIA A LA LEY ORGÁNICA DE LA FUNCIÓN LEGISLATIVA";"2024-10-29";"2024-10-29";"457965";"AN-ANMF-2024-23-M";"CALIFICACIÓN DEL CONSEJO DE ADMINISTRACIÓN LEGISLATIVA (CAL)";"Comisión de Justicia y Estructura del Estado";"2024-11-13";"ARAUJO NOBOA MARÍA FERNANDA(ASAMBLEÍSTA)"
"PROYECTO DE LEY ORGÁNICA DE CREACIÓN DE LA LEY ORGÁNICA DE CREACIÓN DE LA LEY ORGÁNICA PARA EL FOMENTO Y ATENCIÓN A LAS ALTAS CAPACIDADES INTELECTUALES Y AL TALENTO";"2024-10-29";"2024-10-29";"457989";"045-GBC-SDT-2024";"AVOCO DEL PROYECTO POR PARTE DE LA COMISIÓN";"Comisión de Educación, Cultura, Ciencia, Tecnología, Innovación y Saberes Ancestrales";"2024-12-06";"BENÍTEZ CALVA EDGAR GEOVANNY(ASAMBLEÍSTA)"
"PROYECTO DE LEY ORGÁNICA REFORMATORIA A LA LEY ORGÁNICA DE EDUCACIÓN SUPERIOR PARA LA DEMOCRATIZACIÓN DEL SISTEMA DE EDUCACIÓN SUPERIOR";"2024-10-23";"2024-10-29";"457954";"AN-UTCA-2024-0076-M";"AVOCO DEL PROYECTO POR PARTE DE LA COMISIÓN";"Comisión de Educación, Cultura, Ciencia, Tecnología, Innovación y Saberes Ancestrales";"2024-12-06";"UGSHA TOAQUIZA CÉSAR ARTURO(ASAMBLEÍSTA)"
"PROYECTO DE LEY ORGÁNICA PARA LA CONSERVACIÓN Y PROTECCIÓN DE PÁRAMOS";"2024-10-29";"2024-10-29";"457943";"023-JCRP-EC-E-2024-M";"CALIFICACIÓN DEL CONSEJO DE ADMINISTRACIÓN LEGISLATIVA (CAL)";"Comisión de Bodiversidad y Recursos Naturales";"2024-11-13";"ROSERO PAZ JUAN CARLOS(ASAMBLEÍSTA)"
"PROYECTO DE LEY ORGÁNICA REFORMATORIA AL CÓDIGO ORGÁNICO DE ORGANIZACIÓN TERRITORIAL, AUTONOMÍA Y DESCENTRALIZACIÓN COOTAD";"2024-10-29";"2024-10-29";"457967";"006-AN-CTRC-2024";"CALIFICACIÓN DEL CONSEJO DE ADMINISTRACIÓN LEGISLATIVA (CAL)";"Comisión de Gobiernos Autónomos, Descentralización, Competencias y Organización del Territorio";"2024-11-13";"CERDA TAPUY ROBERTO CARLOS(ASAMBLEÍSTA)"
"PROYECTO DE LEY PARA LA CRIANZA, FAENAMIENTO, COMERCIALIZACIÓN Y EXPORTACIÓN DE CUYES EN ECUADOR";"2024-10-28";"2024-10-29";"457980";"457980";"AVOCO DEL PROYECTO POR PARTE DE LA COMISIÓN";"Comisión de Soberanía Alimentaria y Desarrollo del Sector Agropecuario y Pesquero";"2024-11-22";"DURÁN AGUILAR LILIANA ELIZABETH(ASAMBLEÍSTA)/ MÉNDEZ ROJAS FERNANDA MABEL(ASAMBLEÍSTA)"
"PROYECTO DE LEY ORGÁNICA PARA CUMPLIMIENTO DE LAS OBLIGACIONES FISCALES DEL ECUADOR Y ESTÍMULO DEL DEPORTE, EDUCACIÓN FÍSICA Y RECREACIÓN";"2024-10-24";"2024-10-24";"T-394-SGJ-24-0402";"T-394-SGJ-24-0402";"PROYECTO PRESENTADO";"No Asignado";null;"NOBOA AZIN DANIEL ROY-GILCHRIST(PRESIDENCIA DE LA REPÚBLICA)"
"PROYECTO DE LEY ORGÁNICA REFORMATORIA AL CÓDIGO ORGÁNICO INTEGRAL PENAL";"2024-10-22";"2024-10-23";"457676";"AN-BVHS-2024-050-2024";"PROYECTO PRESENTADO";"No Asignado";null;"BÓSQUEZ VILLENA HENRY SAÚL(ASAMBLEÍSTA)"
"PROYECTO DE LEY REFORMATORIO A LA LEY QUE ESTABLECE RENTAS EN FAVOR DE LAS PROVINCIAS DEL AZUAY, CAÑAR, MORONA SANTIAGO Y TUNGURAHUA POR VENTA DE ENERGÍA ELÉCTRICA (DECRETO LEY NO. 047) INCLUYENDO A SANTO DOMINGO DE LOS TSACHILAS EN LAS REGALÍAS DE LA HIDROELÉCTRICA TOACHI-PILATÓN";"2024-10-22";"2024-10-22";"457650";"457650";"PROYECTO TRAMITADO EN PRIMER DEBATE";"Comisión de Régimen Económico y Tributario y su Regulación y Control";"2024-11-22";"BENÍTEZ CALVA EDGAR GEOVANNY(ASAMBLEÍSTA)"
"PROYECTO DE LEY ORGÁNICA REFORMATORIA A LA LEY ORGÁNICA DEL SERVICIO PÚBLICO, ELIMINACIÓN DE SUELDOS VITALICIOS A EXPRESIDENTES Y VICEPRESIDENTES";"2024-10-18";"2024-10-18";"457469";"0082-JEPL-EC-E-2024-M";"CALIFICACIÓN DEL CONSEJO DE ADMINISTRACIÓN LEGISLATIVA (CAL)";"Comisión del Derecho al Trabajo y a la Seguridad Social";"2024-11-07";"POLANCO LARA JOHN EDISON(ASAMBLEÍSTA)"
"PROYECTO DE LEY ORGÁNICA DE GARANTÍA DE DERECHOS DE LA NATURALEZA FRENTE A LAS ACTIVIDADES EXTRACTIVISTAS";"2024-10-18";"2024-10-18";"457446";"AN-RCBY-2024-0653-OF";"CALIFICACIÓN DEL CONSEJO DE ADMINISTRACIÓN LEGISLATIVA (CAL)";"Comisión de Bodiversidad y Recursos Naturales";"2024-11-09";"BALTAZAR YUCAILLA ROSA CECILIA(ASAMBLEÍSTA)"
"PROYECTO DE LEY ORGÁNICA REFORMATORIA AL CÓDIGO ORGÁNICO DE LA ECONOMÍA SOCIAL DE LOS CONOCIMIENTOS, CREATIVIDAD E INNOVACIÓN PARA REGULAR LAS FACILIDADES DE PAGO DE LOS CRÉDITOS EDUCATIVOS, BECAS Y ASISTENCIAS FINANCIERAS";"2024-10-17";"2024-10-17";"457337";"AN-NDJE-2024-0210-M";"AVOCO DEL PROYECTO POR PARTE DE LA COMISIÓN";"Comisión de Educación, Cultura, Ciencia, Tecnología, Innovación y Saberes Ancestrales";"2024-11-07";"NORIEGA DONOSO JAHIREN ELIZABETH(ASAMBLEÍSTA)"
"PROYECTO DE LEY ORGÁNICA REFORMATORIA A LA LEY ORGÁNICA DE SALUD MENTAL PARA PRIORIZAR SU FINANCIAMIENTO";"2024-10-17";"2024-10-17";"457360";"AN-ADGM-2024-0169-O";"CALIFICACIÓN DEL CONSEJO DE ADMINISTRACIÓN LEGISLATIVA (CAL)";"Comisión del Derecho a la Salud y el Deporte";"2024-11-07";"GARCÍA MEJÍA ADRIANA DENISSE(ASAMBLEÍSTA)"
"PROYECTO DE LEY ORGÁNICA REFORMATORIA A LA LEY ORGÁNICA PARA EL DESARROLLO DE LA ACUICULTURA Y PESCA PARA IMPLEMENTAR EL RÉGIMEN LABORAL DE LOS PESCADORES Y FOMENTAR EL TRABAJO LOCAL";"2024-10-17";"2024-10-17";"457361";"AN-ADGM-2024-0170-O";"PROYECTO PRESENTADO";"No Asignado";null;"GARCÍA MEJÍA ADRIANA DENISSE(ASAMBLEÍSTA)"
"PROYECTO DE LEY ORGÁNICA REFORMATORIA AL CÓDIGO DE LA NIÑEZ Y ADOLESCENCIA EN EL ÁMBITO DE LA TENENCIA COMPARTIDA Y EL CÁLCULO PARA LAS PENSIONES ALIMENTICIAS AL RESPECTO DEL DÉCIMO CUARTO SUELDO";"2024-10-17";"2024-10-17";"457352";"457352";"AVOCO DEL PROYECTO POR PARTE DE LA COMISIÓN";"Comisión de Protección Integral a Niñas, Niños y Adolescentes";"2024-11-07";"VERA MORA CARLOS EDILBERTO(ASAMBLEÍSTA)"
"PROYECTO DE LEY PARA LA INCLUSIÓN ADECUADA DE PERSONAS CON CONDICIÓN DE TALLA BAJA";"2024-10-16";"2024-10-16";"AN-ASAM-2024-0182-M";"AN-ASAM-2024-0182-M";"PROYECTO PRESENTADO";"No Asignado";null;"ACHI SIBRI AUDY MARCELO(ASAMBLEÍSTA)"
"PROYECTO DE LEY ORGÁNICA REFORMATORIA AL CÓDIGO ORGÁNICO INTEGRAL PENAL Y AL CÓDIGO ORGÁNICO DEL AMBIENTE PARA PREVENIR INCENDIOS Y LA VIGILANCIA EFECTIVA DE LA QUEMA CONTROLADA";"2024-10-16";"2024-10-16";"457290";"AN-OVJC-2024-0154-M";"CALIFICACIÓN DEL CONSEJO DE ADMINISTRACIÓN LEGISLATIVA (CAL)";"Comisión de Justicia y Estructura del Estado";"2024-11-07";"ORTIZ VILLAVICENCIO JOHANNA CECIBEL(ASAMBLEÍSTA)"
"PROYECTO DE LEY ORGÁNICA PARA EL COMBATE Y LA ADAPTACIÓN AL CAMBIO CLIMÁTICO";"2024-10-14";"2024-10-15";"457201";"AN-RCSE-2024-0128-M";"AVOCO DEL PROYECTO POR PARTE DE LA COMISIÓN";"Comisión de Bodiversidad y Recursos Naturales";"2024-11-07";"RUEDA CAMACHO SANDRA ELIZABETH(ASAMBLEÍSTA)"
"PROYECTO DE LEY INTERPRETATIVA AL ARTÍCULO 24 DE LA LEY ORGÁNICA PARA FOMENTAR LA PRODUCCIÓN, COMERCIALIZACIÓN, INDUSTRIALIZACIÓN, CONSUMO Y FIJACIÓN DEL PRECIO DE LA LECHE Y SUS DERIVADOS";"2024-10-10";"2024-10-10";"457009";"AN-VAJL-2024-20-OF";"INFORME PARA PRIMER DEBATE";"Comisión de Soberanía Alimentaria y Desarrollo del Sector Agropecuario y Pesquero";"2024-10-23";"VALLEJO AYALA JOSÉ LUIS(ASAMBLEÍSTA)"
"PROYECTO DE LEY ORGÁNICA REFORMATORIA  VARIOS CUERPOS DE LEY PARA EL REGISTRO DE DEFUNCIÓN DE CONCEBIDOS NO NACIDOS";"2024-10-09";"2024-10-09";"456938";"AN-VMCE-0059-2024-M";"CALIFICACIÓN DEL CONSEJO DE ADMINISTRACIÓN LEGISLATIVA (CAL)";"No se Asigna Comisión por calificación Negada";"2024-09-04";"VERA MORA CARLOS EDILBERTO(ASAMBLEÍSTA)"
"PROYECTO DE LEY ORGÁNICA REFORMATORIA A LA LEY ORGÁNICA DE LA FUNCIÓN LEGISLATIVA";"2024-10-09";"2024-10-09";"456901";"004-AN-CTRC-2024";"PROYECTO PRESENTADO";"No Asignado";null;"CERDA TAPUY ROBERTO CARLOS(ASAMBLEÍSTA)"
"PROYECTO DE LEY ORGÁNICA REFORMATORIA AL CÓDIGO ORGÁNICO INTEGRAL PENAL EN EL RÉGIMEN DE REGULACIÓN Y PENALIZACIÓN POR EL USO DE ARMAS TRAUMÁTICAS";"2024-10-09";"2024-10-09";"456937";"AN-VMCE-0060-2024-M";"CALIFICACIÓN DEL CONSEJO DE ADMINISTRACIÓN LEGISLATIVA (CAL)";"Comisión de Justicia y Estructura del Estado";"2024-10-23";"VERA MORA CARLOS EDILBERTO(ASAMBLEÍSTA)"
"PROYECTO DE LEY ORGÁNICA REFORMATORIA DE LA LEY ORGÁNICA DE MOVILIDAD HUMANA";"2024-10-08";"2024-10-08";"456808";"AN-072-MYY-2024";"AVOCO DEL PROYECTO POR PARTE DE LA COMISIÓN";"Comisión de Relaciones Internacionales y Movilidad Humana";"2024-10-16";"YUMBAY YALLICO MARIANA(ASAMBLEÍSTA)"
"PROYECTO DE LEY REFORMATORIA A VARIAS LEYES PARA GARANTIZAR LOS DERECHOS DE LOS TRABAJADORES AUTÓNOMOS QUE LABORAN EN LAS CALLES - LEY MARÍA";"2024-10-08";"2024-10-08";"456841";"AN-PVJE-2024-052-C";"AVOCO DEL PROYECTO POR PARTE DE LA COMISIÓN";"Comisión del Derecho al Trabajo y a la Seguridad Social";"2024-11-07";"PARRA VILLACIS JONATHAN EMANUEL(ASAMBLEÍSTA)"
"PROYECTO DE LEY ORGÁNICA REFORMATORIA A LA LEY DE TRANSPORTE TERRESTRE, TRÁNSITO Y SEGURIDAD VIAL EN BENEFICIO DE LOS HABITANTES DE LA PROVINCIA DE GALÁPAGOS";"2024-10-08";"2024-10-08";"456844";"AN-AFMJ-2024-0138-M";"CALIFICACIÓN DEL CONSEJO DE ADMINISTRACIÓN LEGISLATIVA (CAL)";"Comisión de Soberanía Alimentaria y Desarrollo del Sector Agropecuario y Pesquero";"2024-10-23";"AGUAS FLORES MILTON JAVIER(ASAMBLEÍSTA)"
"PROYECTO DE LEY REFORMATORIA AL CÓDIGO DE TRABAJO QUE REGULA EL TRABAJO PENOSO, PELIGROSO, TÓXICO E INSALUBRE";"2024-10-08";"2024-10-08";"456814";"456814";"CALIFICACIÓN DEL CONSEJO DE ADMINISTRACIÓN LEGISLATIVA (CAL)";"Comisión del Derecho al Trabajo y a la Seguridad Social";"2024-10-16";"TAPIA ESCALANTE MANUEL HUMBERTO(ASAMBLEÍSTA)"
"PROYECTO DE LEY REFORMATORIA A LA LEY ORGÁNICA DE LA FUNCIÓN LEGISLATIVA";"2024-10-08";"2024-10-08";"456849";"AN-MPEE-2024-0116-M";"PROYECTO PRESENTADO";"No Asignado";null;"MENDOZA PALMA ERWIN EDUARDO(ASAMBLEÍSTA)"
"PROYECTO DE LEY ORGÁNICA REFORMATORIA AL CÓDIGO ORGÁNICA INTEGRAL PENAL, RESPECTO A LA OBTENCIÓN DE LA PRELIBERTAD O RÉGIMEN SEMIABIERTO CUMPLIENDO CON LA REPARACIÓN INTEGRAL DE VÍCTIMAS Y AL ESTADO";"2024-10-08";"2024-10-08";"456840";"AN-GAAM-2024-0111-M";"CALIFICACIÓN DEL CONSEJO DE ADMINISTRACIÓN LEGISLATIVA (CAL)";"Comisión de Justicia y Estructura del Estado";"2024-10-23";"GALARZA AÑAZCO ANA MERCEDES(ASAMBLEÍSTA)"
"PROYECTO DE LEY ORGÁNICA DE PROTECCIÓN DIGITAL";"2024-10-08";"2024-10-08";"456821";"AN-ABIM-2024-0210-M";"CALIFICACIÓN DEL CONSEJO DE ADMINISTRACIÓN LEGISLATIVA (CAL)";"Comisión de Soberanía, Integración y Seguridad Integral";"2024-10-23";"ALARCÓN BUENO INÉS MARGARITA(ASAMBLEÍSTA)"
"PROYECTO DE LEY DE CREACIÓN DE LA UNIVERSIDAD PÚBLICA DE SANTO DOMINGO DE LOS TSÁCHILAS";"2024-10-07";"2024-10-07";"456770";"T.383-SGJ-24-0382";"AVOCO DEL PROYECTO POR PARTE DE LA COMISIÓN";"Comisión de Educación, Cultura, Ciencia, Tecnología, Innovación y Saberes Ancestrales";"2024-10-17";"NOBOA AZIN DANIEL ROY-GILCHRIST(PRESIDENCIA DE LA REPÚBLICA)"
"PROYECTO DE LEY ORGÁNICA DE PROTECCIÓN LABORAL Y AMBIENTAL A LOS TRABAJADORES EN LA INDUSTRIA DEL CEMENTO";"2024-10-07";"2024-10-07";"AN-MRFM-2024-0105-M";"AN-MRFM-2024-0105-M";"AVOCO DEL PROYECTO POR PARTE DE LA COMISIÓN";"Comisión del Derecho al Trabajo y a la Seguridad Social";"2024-10-17";"MÉNDEZ ROJAS FERNANDA MABEL(ASAMBLEÍSTA)"
"PROYECTO DE LEY ORGÁNICA PARA LA PREVENCIÓN, DETECCIÓN Y ATENCIÓN DEL CÁNCER CÉRVICO UTERINO";"2024-10-07";"2024-10-07";"456744";"AN-MA-2024-0060-O";"AVOCO DEL PROYECTO POR PARTE DE LA COMISIÓN";"Comisión del Derecho a la Salud y el Deporte";"2024-10-23";"AROTINGO CUSHCAGUA ROSA MARGARITA(ASAMBLEÍSTA)"
"PROYECTO DE LEY DE CREACIÓN DE LA UNIVERSIDAD DE SANTO DOMINGO DE LOS TSÁCHILAS";"2024-10-06";"2024-10-06";"AN-VRRV-2024-0055-M";"AN-VRRV-2024-0055-M";"AVOCO DEL PROYECTO POR PARTE DE LA COMISIÓN";"Comisión de Educación, Cultura, Ciencia, Tecnología, Innovación y Saberes Ancestrales";"2024-10-10";"VELOZ RAMÍREZ REBECA VIVIANA(ASAMBLEÍSTA)/ BENÍTEZ CALVA EDGAR GEOVANNY(ASAMBLEÍSTA)"
"PROYECTO DE LEY REFORMATORIO AL CÓDIGO ORGÁNICO INTEGRAL PENAL";"2024-10-02";"2024-10-02";"456517";"AN-ZGVJ-2024-0084-M";"AVOCO DEL PROYECTO POR PARTE DE LA COMISIÓN";"Comisión de Justicia y Estructura del Estado";"2024-10-16";"ZAMBRANO GONZÁLEZ VIVIANA JACQUELINE(ASAMBLEÍSTA)"
"PROYECTO DE LEY ORGÁNICA REFORMATORIA A LA LEY ORGÁNICA DE PREVENCIÓN, DETECCIÓN Y COMBATE DEL DELITO DE LAVADO DE ACTIVOS Y DE LA FINANCIACIÓN DE OTROS DELITOS";"2024-10-02";"2024-10-02";"456520";"456520";"CALIFICACIÓN DEL CONSEJO DE ADMINISTRACIÓN LEGISLATIVA (CAL)";"Comisión de Régimen Económico y Tributario y su Regulación y Control";"2024-10-16";"POSSO NARANJO LUCIA ANABELLE(ASAMBLEÍSTA)"
"PROYECTO DE LEY ORGÁNICA REFORMATORIA A LA LEY ORGÁNICA DE TRANSPORTE TERRESTRE, TRÁNSITO Y SEGURIDAD VIAL";"2024-10-02";"2024-10-02";"456531";"456531";"AVOCO DEL PROYECTO POR PARTE DE LA COMISIÓN";"Comisión de Desarrollo Económico, Productivo y la Microempresa";"2024-10-16";"MIRANDA GILER LYNE KATIUSKA(ASAMBLEÍSTA)"
"PROYECTO DE LEY ORGÁNICA REFORMATORIA A LA LEY ORGÁNICA DE PLANIFICACIÓN Y DESARROLLO INTEGRAL DE LA CIRCUNSCRIPCIÓN TERRITORIAL ESPECIAL AMAZÓNICA";"2024-10-02";"2024-10-02";"456525";"AN-FRFA-2024-0062-M";"ARCHIVADO";"No se Asigna Comisión por calificación Negada";"2024-10-16";"FERNÁNDEZ ROSALES FAUSTO ARMANDO(ASAMBLEÍSTA)"
"PROYECTO DE LEY ORGÁNICA REFORMATORIA AL CÓDIGO ORGÁNICO INTEGRAL PENAL - PROTECCIÓN AL MEDIO AMBIENTE";"2024-10-02";"2024-10-02";"456523";"AN-EEMM-2024-0087-M";"AVOCO DEL PROYECTO POR PARTE DE LA COMISIÓN";"Comisión de Justicia y Estructura del Estado";"2024-10-10";"ERBS ESTUPIÑÁN MARÍA MERCEDES(ASAMBLEÍSTA)/ BUESTAN CARABAJO PAÚL FERNANDO(ASAMBLEÍSTA)"
"PROYECTO DE LEY PARA LA ESTABILIZACIÓN LABORAL DEL PERSONAL VINCULADO BAJO EL RÉGIMEN DE CONTRATO OCASIONAL O NOMBRAMIENTO PROVISIONAL POR MÁS DE CINCO AÑOS (456522)";"2024-10-02";"2024-10-02";"456522";"456522";"CALIFICACIÓN DEL CONSEJO DE ADMINISTRACIÓN LEGISLATIVA (CAL)";"Comisión del Derecho al Trabajo y a la Seguridad Social";"2024-10-16";"MOLINA MENÉNDEZ MARÍA GABRIELA(ASAMBLEÍSTA)"
"PROYECTO DE LEY ORGÁNICA REFORMATORIA A LA LEY ORGÁNICA DE LA FUNCIÓN LEGISLATIVA PARA LA CONFORMACIÓN DE LA COMISIÓN PERMANENTE DE DERECHOS DE LAS MUJERES Y GENERO";"2024-10-02";"2024-10-02";"456528";"AN-MTRB-2024-0150-M";"CALIFICACIÓN DEL CONSEJO DE ADMINISTRACIÓN LEGISLATIVA (CAL)";"Comisión de Justicia y Estructura del Estado";"2024-10-10";"MAYORGA TAPIA ROSA BELÉN(ASAMBLEÍSTA)"
"PROYECTO DE LEY ORGÁNICA REFORMATORIA A LA LEY ORGÁNICA DEL SISTEMA NACIONAL DE CONTRATACIÓN PÚBLICA";"2024-09-24";"2024-10-02";"456532";"AN-CHZPA-2024-0135-M";"CALIFICACIÓN DEL CONSEJO DE ADMINISTRACIÓN LEGISLATIVA (CAL)";"Comisión de Régimen Económico y Tributario y su Regulación y Control";"2024-11-07";"CHÁVEZ ZAVALA PATRICIO ALBERTO(ASAMBLEÍSTA)"
"PROYECTO DE LEY ORGÁNICA REFORMATORIA A LA LEY ORGÁNICA DE EDUCACIÓN SUPERIOR";"2024-10-02";"2024-10-02";"456526";"AN-VQCA-2023.2024-2-150";"CALIFICACIÓN DEL CONSEJO DE ADMINISTRACIÓN LEGISLATIVA (CAL)";"Comisión de Educación, Cultura, Ciencia, Tecnología, Innovación y Saberes Ancestrales";"2024-10-16";"VEGA QUEZADA CRISTHIAN ANTONIO(ASAMBLEÍSTA)"
"PROYECTO DE LEY ORGÁNICA REFORMATORIA AL CÓDIGO ORGÁNICO INTEGRAL PENAL EN CONTRA DE LA MANIPULACIÓN EN EVENTOS DEPORTIVOS Y EN LA ANTIPIRATERÍA";"2024-10-01";"2024-10-01";"456468";"456468";"CALIFICACIÓN DEL CONSEJO DE ADMINISTRACIÓN LEGISLATIVA (CAL)";"Comisión de Justicia y Estructura del Estado";"2024-10-16";"ALARCÓN BUENO INÉS MARGARITA(ASAMBLEÍSTA)"
"PROYECTO DE LEY ORGÁNICA REFORMATORIA A VARIAS LEYES PARA SANCIONAR EL TERRORISMO AMBIENTAL Y FORTALECER LA GESTIÓN DE RIESGOS ANTE INCENDIOS";"2024-10-01";"2024-10-01";"456451";"AN-AMTC-2024-0128-M";"AVOCO DEL PROYECTO POR PARTE DE LA COMISIÓN";"Comisión de Justicia y Estructura del Estado";"2024-10-16";"PASQUEL ANDRADE MARÍA TERESA DEL CARMEN(ASAMBLEÍSTA)"
"PROYECTO DE LEY ORGÁNICA REFORMATORIA A LA LEY ORGÁNICA DE ECONOMÍA POPULAR Y SOLIDARIA";"2024-09-30";"2024-10-01";"456456";"AN-MVDF-2024-0091-M";"AVOCO DEL PROYECTO POR PARTE DE LA COMISIÓN";"Comisión de Desarrollo Económico, Productivo y la Microempresa";"2024-10-16";"MATOVELLE VERA DIEGO FERNANDO(ASAMBLEÍSTA)"
"PROYECTO DE LEY REFORMATORIA DE LA LEY DE SEGURIDAD SOCIAL RESPECTO DEL RÉGIMEN ESPECIAL DEL SEGURO SOCIAL CAMPESINO";"2024-10-01";"2024-10-01";"456470";"AN-UTCA-2024-0065-M";"AVOCO DEL PROYECTO POR PARTE DE LA COMISIÓN";"Comisión del Derecho al Trabajo y a la Seguridad Social";"2024-10-17";"UGSHA TOAQUIZA CÉSAR ARTURO(ASAMBLEÍSTA)"
"PROYECTO DE LEY ORGÁNICA PRA LA MORATORIA Y RECALENDARIZACIÓN DE PAGOS AL SECTOR FINANCIERO PÚBLICO Y PRIVADO POR LOS PROBLEMAS ECONÓMICOS DERIVADOS DE LA CRISIS SANITARIA Y DE LA DELINCUENCIA";"2024-10-01";"2024-10-01";"456478";"456478";"CALIFICACIÓN DEL CONSEJO DE ADMINISTRACIÓN LEGISLATIVA (CAL)";"Comisión de Régimen Económico y Tributario y su Regulación y Control";"2024-10-16";"ESPÍN REYES EUGENIA SOFÍA(ASAMBLEÍSTA)"
"PROYECTO DE LEY ORGÁNICA REFORMATORIA DE LOS ARTÍCULOS 89, 93 Y 100 DE LA LEY DE SEGURIDAD SOCIAL, PARA EL ASEGURAMIENTO DE LOS DERECHOS DE LAS/ LOS TRABAJADORES Y SERVIDORES DE LOS GOBIERNOS AUTÓNOMOS DESCENTRALIZADOS";"2024-09-30";"2024-10-01";"456466";"135-AN-JEIA-2024";"AVOCO DEL PROYECTO POR PARTE DE LA COMISIÓN";"Comisión del Derecho al Trabajo y a la Seguridad Social";"2024-10-17";"INTRIAGO ALCÍVAR JAMINTON ENRIQUE(ASAMBLEÍSTA)"
"PROYECTO DE LEY ORGÁNICA REFORMATORIA A LA LEY ORGÁNICA DE JUVENTUDES";"2024-09-24";"2024-10-01";"456476";"AN-CHZPA-2024-0134-M";"AVOCO DEL PROYECTO POR PARTE DE LA COMISIÓN";"Comisión de Garantías Constitucionales, Derechos Humanos, Derechos Colectivos y la Interculturalidad";"2024-10-16";"CHÁVEZ ZAVALA PATRICIO ALBERTO(ASAMBLEÍSTA)"
"PROYECTO DE LEY ORGÁNICA REFORMATORIA AL CÓDIGO DE LA NIÑEZ Y ADOLESCENCIA EN MATERIA DE RÉGIMEN DE SANCIONES";"2024-10-01";"2024-10-01";"456502";"AN-VMCE-0055-2024-M";"AVOCO DEL PROYECTO POR PARTE DE LA COMISIÓN";"Comisión de Protección Integral a Niñas, Niños y Adolescentes";"2024-10-16";"VERA MORA CARLOS EDILBERTO(ASAMBLEÍSTA)"
"PROYECTO DE LEY ORGÁNICA REFORMATORIA AL CÓDIGO ORGÁNICO INTEGRAL PENAL PARA LA ERRADICACIÓN DEL ABIGEATO";"2024-10-01";"2024-10-01";"456492";"040-GBC-SDT-2024";"AVOCO DEL PROYECTO POR PARTE DE LA COMISIÓN";"Comisión de Justicia y Estructura del Estado";"2024-10-10";"BENÍTEZ CALVA EDGAR GEOVANNY(ASAMBLEÍSTA)"
"PROYECTO DE LEY REFORMATORIO A LA LEY DE SEGURIDAD SOCIAL DE LA POLICÍA NACIONAL";"2024-10-01";"2024-10-01";"AN-KKHF-2024-0035-M";"AN-KKHF-2024-0035-M";"PROYECTO PRESENTADO";"No Asignado";null;"KRONFLE KOZHAYA HENRY FABIÁN(ASAMBLEÍSTA)"
"PROYECTO DE LEY ORGÁNICA REFORMATORIA AL CÓDIGO ORGÁNICO INTEGRAL PENAL E MATERIA DE INCEDIOS Y TERRORISMO";"2024-10-29";"2024-09-30";"456301";"456301";"AVOCO DEL PROYECTO POR PARTE DE LA COMISIÓN";"Comisión de Justicia y Estructura del Estado";"2024-10-16";"ACAITURRI VILLA VARAS JORGE ENRIQUE(ASAMBLEÍSTA)"
"PROYECTO DE LEY ORGÁNICA REFORMATORIA AL CÓDIGO DE LA NIÑEZ Y ADOLESCENCIA";"2024-09-30";"2024-09-30";"456490";"AN-GBJL-2024-0078-M";"AVOCO DEL PROYECTO POR PARTE DE LA COMISIÓN";"Comisión de Protección Integral a Niñas, Niños y Adolescentes";"2024-10-16";"GUEVARA BENAVIDEZ JORGE LUIS(ASAMBLEÍSTA)"
"PROYECTO DE LEY DE ECONOMÍA NARANJA";"2024-09-30";"2024-09-30";"AN-KKHF-2024-0032-M";"AN-KKHF-2024-0032-M";"AVOCO DEL PROYECTO POR PARTE DE LA COMISIÓN";"Comisión de Desarrollo Económico, Productivo y la Microempresa";"2024-10-10";"KRONFLE KOZHAYA HENRY FABIÁN(ASAMBLEÍSTA)"
"PROYECTO DE LEY PARA LA EXTENSIÓN Y FORTALECIMIENTO DE LA SEGURIDAD SOCIAL DE LOS TAXISTAS ECUATORIANOS";"2024-09-30";"2024-09-30";"456382";"456382";"AVOCO DEL PROYECTO POR PARTE DE LA COMISIÓN";"Comisión del Derecho al Trabajo y a la Seguridad Social";"2024-10-16";"VERA PALACIOS OTTO SANTIAGO(ASAMBLEÍSTA)"
"PROYECTO DE LEY ORGÁNICA REFORMATORIA A LA LEY ORGÁNICA DE SERVICIO PÚBLICO DE ENERGÍA ELÉCTRICA PARA SUPERAR LA EMERGENCIA ELÉCTRICA";"2024-09-30";"2024-09-30";"AN-KKHF-2024-0031-M";"AN-KKHF-2024-0031-M";"AVOCO DEL PROYECTO POR PARTE DE LA COMISIÓN";"Comisión de Desarrollo Económico, Productivo y la Microempresa";"2024-10-04";"KRONFLE KOZHAYA HENRY FABIÁN(ASAMBLEÍSTA)"
"PROYECTO DE LEY ORGÁNICA REFORMATORIA AL CÓDIGO ORGÁNICO INTEGRAL PENAL PARA LA PROTECCIÓN A MENORES DE EDAD ANTE LA VENTA DE ALCOHOL Y TABACO";"2024-09-30";"2024-09-30";"456489";"AN-GBJL-2024-0079-M";"AVOCO DEL PROYECTO POR PARTE DE LA COMISIÓN";"Comisión de Justicia y Estructura del Estado";"2024-10-16";"GUEVARA BENAVIDEZ JORGE LUIS(ASAMBLEÍSTA)"
"PROYECTO DE LEY ORGÁNICA REFORMATORIA A LA LEY ORGÁNICA DE LA FUNCIÓN LEGISLATIVA";"2024-09-30";"2024-09-30";"456385";"NF-AN-2024-101";"AVOCO DEL PROYECTO POR PARTE DE LA COMISIÓN";"Comisión de Justicia y Estructura del Estado";"2024-10-16";"FARINANGO DELGADO NATHALY ESTEFANIA(ASAMBLEÍSTA)"
"PROYECTO DE LEY ORGÁNICA QUE IMPULSA LA INICIATIVA PRIVADA EN LA TRANSICIÓN A ENERGÍAS RENOVABLES";"2024-09-28";"2024-09-28";"T.369-SGJ-24-0363";"T.369-SGJ-24-0363";"REGISTRO OFICIAL";"Comisión de Desarrollo Económico, Productivo y la Microempresa";"2024-10-04";"NOBOA AZIN DANIEL ROY-GILCHRIST(PRESIDENCIA DE LA REPÚBLICA)"
"PROYECTO DE LEY QUE REGULA LOS PROCEDIMIENTOS EUTANÁSICOS";"2024-09-25";"2024-09-26";"456205";"DPE-DPE-2024-0916-O";"AVOCO DEL PROYECTO POR PARTE DE LA COMISIÓN";"Comisión del Derecho a la Salud y el Deporte";"2024-10-16";"CORDOVA VALVERDE DR. CESAR MARCEL(DEFENSORIA DEL PUEBLO)"
"PROYECTO DE LEY ORGÁNICA QUE REGULA EL DERECHO A LA REPRODUCCIÓN HUMANA ASISTIDA";"2024-09-25";"2024-09-26";"456201";"DPE-DPE-2024-0918-O";"INFORME PARA SEGUNDO DEBATE";"Comisión del Derecho a la Salud y el Deporte";"2024-10-16";"CORDOVA VALVERDE DR. CESAR MARCEL(DEFENSORIA DEL PUEBLO)"
"PROYECTO DE LEY ORGÁNICA REFORMATORIA A VARIAS LEYES RESPECTO DE LA IMPRESCRIPTIBILIDAD DE DELITOS CONTRA LA VIDA Y LA INTEGRIDAD SEXUAL";"2024-09-25";"2024-09-25";"AN-KKHF-2024-0027-M";"AN-KKHF-2024-0027-M";"CALIFICACIÓN DEL CONSEJO DE ADMINISTRACIÓN LEGISLATIVA (CAL)";"Comisión de Justicia y Estructura del Estado";"2024-10-04";"KRONFLE KOZHAYA HENRY FABIÁN(ASAMBLEÍSTA)"
"PROYECTO DE LEY ORGÁNICA REFORMATORIA A LA LEY ORGÁNICA DE DISCAPACIDADES";"2024-09-25";"2024-09-25";"CT-AN-2024-94";"CT-AN-2024-94";"CALIFICACIÓN DEL CONSEJO DE ADMINISTRACIÓN LEGISLATIVA (CAL)";"No se Asigna Comisión por calificación Negada";"2024-10-10";"TIUPUL URQUIZO CARMEN YOLANDA(ASAMBLEÍSTA)"
"PROYECTO DE LEY ORGÁNICA REFORMATORIA A LA LEY ORGÁNICA DE TRÁNSITO, TRANSPORTE TERRESTRE Y SEGURIDAD VIAL";"2024-09-24";"2024-09-24";"456152";"AN-ASLOB-2023-2025-34-M";"CALIFICACIÓN DEL CONSEJO DE ADMINISTRACIÓN LEGISLATIVA (CAL)";"Comisión de Desarrollo Económico, Productivo y la Microempresa";"2024-10-04";"ORDOÑEZ BRAVO STEVEN LEONARDO(ASAMBLEÍSTA)"
"PROYECTO DE LEY ORGÁNICA REFORMATORIA A VARIAS LEYES PARA GARANTIZAR UN ADECUADO SERVICIO DE MEDICINA PREPAGADA Y ASISTENCIA MÉDICA";"2024-09-24";"2024-09-24";"456154";"AN-SHMJ-2024-0247-M";"CALIFICACIÓN DEL CONSEJO DE ADMINISTRACIÓN LEGISLATIVA (CAL)";"Comisión del Derecho a la Salud y el Deporte";"2024-10-04";"SALAZAR HIDALGO MÓNICA DE JESÚS(ASAMBLEÍSTA)"
"PROYECTO DE LEY ORGÁNICA REFORMATORIA DE VARIAS LEYES PARA ERRADICAR LA CORRUPCIÓN POLÍTICA Y GARANTIZAR LA ÉTICA PÚBLICA";"2024-09-24";"2024-09-24";"456113";"AN-069-MYY-2024";"CALIFICACIÓN DEL CONSEJO DE ADMINISTRACIÓN LEGISLATIVA (CAL)";"Comisión de Justicia y Estructura del Estado";"2024-10-04";"YUMBAY YALLICO MARIANA(ASAMBLEÍSTA)"
"PROYECTO DE LEY ORGÁNICA REFORMATORIA AL CÓDIGO ORGÁNICO DE ORGANIZACIÓN TERRITORIAL, AUTONOMÍA Y DESCENTRALIZACIÓN - CANTONIZACIÓN SAN ISIDRO";"2024-09-23";"2024-09-24";"456117";"110-AN-JEIA-2024";"RETIRADO";"No Asignado";null;"INTRIAGO ALCÍVAR JAMINTON ENRIQUE(ASAMBLEÍSTA)"
"PROYECTO DE LEY ORGÁNICA REFORMATORIA AL CÓDIGO ORGÁNICO INTEGRAL PENAL";"2024-09-24";"2024-09-24";"456107";"AN-ABIM-2024-0193-M";"CALIFICACIÓN DEL CONSEJO DE ADMINISTRACIÓN LEGISLATIVA (CAL)";"Comisión de Justicia y Estructura del Estado";"2024-10-04";"ALARCÓN BUENO INÉS MARGARITA(ASAMBLEÍSTA)"
"PROYECTO DE LEY ORGÁNICA DE JUBILACIÓN ESPECIAL DE TRABAJADORES Y EX TRABAJADORES DE LA INDUSTRIA DEL CEMENTO";"2024-09-23";"2024-09-23";"456065";"T.358-SGJ-24-0360";"AVOCO DEL PROYECTO POR PARTE DE LA COMISIÓN";"Comisión del Derecho al Trabajo y a la Seguridad Social";"2024-10-10";"NOBOA AZIN DANIEL ROY-GILCHRIST(PRESIDENCIA DE LA REPÚBLICA)"
"PROYECTO DE LEY ORGÁNICA DEL CUERPO DE SEGURIDAD Y VIGILANCIA PENITENCIARIA";"2024-09-23";"2024-09-23";"456067";"AN-ABIM-2024-0191-M";"AVOCO DEL PROYECTO POR PARTE DE LA COMISIÓN";"Comisión de Soberanía, Integración y Seguridad Integral";"2024-10-10";"ALARCÓN BUENO INÉS MARGARITA(ASAMBLEÍSTA)"
"PROYECTO DE LEY ORGÁNICA REFORMATORIA AL CÓDIGO ORGÁNICO INTEGRAL PENAL ""ANTI-CORRUPCIÓN""";"2024-09-18";"2024-09-18";"455834";"AN-BCPF-2024-0100-M";"AVOCO DEL PROYECTO POR PARTE DE LA COMISIÓN";"Comisión de Justicia y Estructura del Estado";"2024-10-04";"BUESTAN CARABAJO PAÚL FERNANDO(ASAMBLEÍSTA)"
"PROYECTO DE LEY ORGÁNICA REFORMATORIA A LA LYE ORGÁNICA DE DESARROLLO FRONTERIZO";"2024-09-18";"2024-09-18";"455868";"AN-CHAHA-2024-0049-M";"CALIFICACIÓN DEL CONSEJO DE ADMINISTRACIÓN LEGISLATIVA (CAL)";"No Asignado";null;"CHÁVEZ ANGAMARCA HUMBERTO AMADO(ASAMBLEÍSTA)"
"PROYECTO DE LEY ORGÁNICA DE EQUIPARACIÓN DE DERECHOS PARA LOS DESPEDIDOS CON LA COMPRA DE RENUNCIA OBLIGATORIA MEDIANTE DECRETO EJECUTIVO 813";"2024-09-18";"2024-09-18";"455839";"455839";"CALIFICACIÓN DEL CONSEJO DE ADMINISTRACIÓN LEGISLATIVA (CAL)";"No se Asigna Comisión por calificación Negada";"2024-10-04";"ERBS ESTUPIÑÁN MARÍA MERCEDES(ASAMBLEÍSTA)/ BUESTAN CARABAJO PAÚL FERNANDO(ASAMBLEÍSTA)"
"PROYECTO DE LEY ORGÁNICA REFORMATORIA AL CÓDIGO ORGÁNICO DE LA FUNCIÓN JUDICIAL";"2024-09-18";"2024-09-18";"455842";"455842";"CALIFICACIÓN DEL CONSEJO DE ADMINISTRACIÓN LEGISLATIVA (CAL)";"No se Asigna Comisión por calificación Negada";"2024-10-04";"ERBS ESTUPIÑÁN MARÍA MERCEDES(ASAMBLEÍSTA)/ BUESTAN CARABAJO PAÚL FERNANDO(ASAMBLEÍSTA)"
"PROYECTO DE LEY ORGÁNICA REFORMATORIA A LA LEY ORGÁNICA DE TRANSPORTE TERRESTRE, TRÁSITO Y SEGURIDAD VIAL PARA REGULAR EL BLOQUEO DEL VEHÍCULO POR FALTA DE TRANSFERENCIA DE DOMINIO";"2024-09-18";"2024-09-18";"455847";"455847";"CALIFICACIÓN DEL CONSEJO DE ADMINISTRACIÓN LEGISLATIVA (CAL)";"Comisión de Desarrollo Económico, Productivo y la Microempresa";"2024-10-04";"GALARZA AÑAZCO ANA MERCEDES(ASAMBLEÍSTA)"
"PROYECTO DE LEY DE FOMENTO A LA PRODUCCIÓN, COMERCIALIZACIÓN, CONTROL DE LA CADENA PRODUCTIVA E INCENTIVOS PARA EL CONSUMO DEL PLÁTANO";"2024-09-17";"2024-09-17";"455753";"105-AN-JEIA-2024";"AVOCO DEL PROYECTO POR PARTE DE LA COMISIÓN";"Comisión de Soberanía Alimentaria y Desarrollo del Sector Agropecuario y Pesquero";"2024-09-30";"INTRIAGO ALCÍVAR JAMINTON ENRIQUE(ASAMBLEÍSTA)"
"PROYECTO DE LEY REFORMATORIA PARA GARANTIZAR LA CONTINUIDAD DE LAS ACTIVIDADES ECONÓMICAS DE LOS LOCALES COMERCIALES";"2024-09-17";"2024-09-17";"455765";"AN-PVP-2024-0292-M";"CALIFICACIÓN DEL CONSEJO DE ADMINISTRACIÓN LEGISLATIVA (CAL)";"Comisión de Régimen Económico y Tributario y su Regulación y Control";"2024-09-30";"VELOZ RAMÍREZ REBECA VIVIANA(ASAMBLEÍSTA)"
"PROYECTO DE LEY ORGÁNICA REFORMATORIA AL CÓDIGO ORGÁNICO INTEGRAL PENAL PARA TIPIFICAR EL CIBER ACOSO";"2024-09-17";"2024-09-17";"455769";"AN-GMGS-2024-0011-M";"AVOCO DEL PROYECTO POR PARTE DE LA COMISIÓN";"Comisión de Justicia y Estructura del Estado";"2024-10-04";"GARZÓN MONTEROS GISSELA SIOMARA(ASAMBLEÍSTA)"
"PROYECTO DE LEY ORGÁNICA DE APROVECHAMIENTO DIGITAL E INTELIGENCIA PARA NIÑAS, NIÑOS Y ADOLESCENTES";"2024-09-17";"2024-09-17";"455744";"455744";"CALIFICACIÓN DEL CONSEJO DE ADMINISTRACIÓN LEGISLATIVA (CAL)";"No se Asigna Comisión por calificación Negada";"2024-10-10";"CORREA DELGADO PIERINA SARA MERCEDES(ASAMBLEÍSTA)"
"PROYECTO DE LEY ORGÁNICA REFORMATORIA AL CÓDIGO ORGÁNICO INTEGRAL PENAL";"2024-09-17";"2024-09-17";"AN-KKHF-2024-0025-M";"AN-KKHF-2024-0025-M";"CALIFICACIÓN DEL CONSEJO DE ADMINISTRACIÓN LEGISLATIVA (CAL)";"Comisión de Justicia y Estructura del Estado";"2024-09-30";"KRONFLE KOZHAYA HENRY FABIÁN(ASAMBLEÍSTA)"
"PROYECTO DE LEY DE DESARROLLO DEL PUERTO DE ESMERALDAS";"2024-09-17";"2024-09-17";"455790";"AN-DSCG-2024-090-M";"INFORME NO VINCULANTE UTL";"No Asignado";null;"CELLERI GÓMEZ SAMUEL ELIAS(ASAMBLEÍSTA)"
"PROYECTO DE LEY ORGÁNICA REFORMATORIA A LA LEY ORGÁNICA PARA LA PLANIFICACIÓN Y DESARROLLO INTEGRAL DE LA CIRCUNSCRIPCIÓN TERRITORIAL ESPECIAL AMAZÓNICA";"2024-09-17";"2024-09-17";"AN-AMLM-2024-0186-M";"AN-AMLM-2024-0186-M";"CALIFICACIÓN DEL CONSEJO DE ADMINISTRACIÓN LEGISLATIVA (CAL)";"Comisión de Bodiversidad y Recursos Naturales";"2024-10-04";"ABAD MOROCHO MERCEDES LUZMILA(ASAMBLEÍSTA)"
"PROYECTO DE LEY ORGÁNICA REFORMATORIA A LA LEY ORGÁNCIA DE LA FUNCIÓN LEGISLATIVA";"2024-09-16";"2024-09-16";"AN-KKHF-2024-0023-M";"AN-KKHF-2024-0023-M";"AVOCO DEL PROYECTO POR PARTE DE LA COMISIÓN";"Comisión de Justicia y Estructura del Estado";"2024-09-19";"KRONFLE KOZHAYA HENRY FABIÁN(ASAMBLEÍSTA)"
"PROYECTO DE LEY ORGÁNICA PARA LA ATENCIÓN Y PROTECCIÓN DE DERECHOS EN EL ÁMBITO SOCIAL, DE SALUD Y EDUCACIÓN DE LAS PERSONAS CON TRASTORNO DEL ESPECTRO AUTISTA - LEY TEA";"2024-09-16";"2024-09-16";"AN-MSLN-2024-0087-M";"AN-MSLN-2024-0087-M";"CALIFICACIÓN DEL CONSEJO DE ADMINISTRACIÓN LEGISLATIVA (CAL)";"Comisión de Garantías Constitucionales, Derechos Humanos, Derechos Colectivos y la Interculturalidad";"2024-09-30";"MORILLO SOLORZANO LOURDES NATALY(ASAMBLEÍSTA)"
"PROYECTO DE LEY ORGÁNICA PARA LA INTEGRACIÓN DEL DEPORTE Y LA SALUD MENTAL EN LA LEGISLACIÓN ECUATORIANA";"2024-09-10";"2024-09-10";"455465";"455465";"AVOCO DEL PROYECTO POR PARTE DE LA COMISIÓN";"Comisión del Derecho a la Salud y el Deporte";"2024-10-04";"POSSO NARANJO LUCIA ANABELLE(ASAMBLEÍSTA)"
"PROYECTO DE LEY ORGÁNICA REFORMATORIA AL CÓDIGO ORGÁNICO INTEGRAL PENAL PARA SANCIONAR LA VIOLENCIA CONTRA LA INTEGRIDAD E INDEMNIDAD SEXUAL DE LAS NIÑAS, NIÑOS Y ADOLESCENTES Y LA VIOLENCIA SEXUAL INSTITUCIONAL";"2024-09-09";"2024-09-10";"455454";"AN-PVP-2024-0238-M";"CALIFICACIÓN DEL CONSEJO DE ADMINISTRACIÓN LEGISLATIVA (CAL)";"Comisión de Justicia y Estructura del Estado";"2024-09-19";"VELOZ RAMÍREZ REBECA VIVIANA(ASAMBLEÍSTA)"
"PROYECTO DE LEY ORGÁNICA REFORMATORIA DE LA LEY ORGÁNICA DE EDUCACIÓN SUPERIOR PARA UN MEJOR ACCESO A LA EDUCACIÓN SUPERIOR EN LA PROVINCIA DE GALÁPAGOS Y LAS ZONAS DE DIFÍCIL ACCESO";"2024-09-10";"2024-09-10";"455464";"AN-AFMJ-2024-0123-M";"AVOCO DEL PROYECTO POR PARTE DE LA COMISIÓN";"Comisión de Educación, Cultura, Ciencia, Tecnología, Innovación y Saberes Ancestrales";"2024-09-30";"AGUAS FLORES MILTON JAVIER(ASAMBLEÍSTA)"
"PROYECTO DE LEY ORGÁNICA REFORMATORIA DEL CÓDIGO ORGÁNICO INTEGRAL PENAL PARA GARANTIZAR EL DERECHO A LA DEFENSA";"2024-09-10";"2024-09-10";"455437";"020-JCRP-EC-E-2024-M";"CALIFICACIÓN DEL CONSEJO DE ADMINISTRACIÓN LEGISLATIVA (CAL)";"Comisión de Justicia y Estructura del Estado";"2024-09-30";"ROSERO PAZ JUAN CARLOS(ASAMBLEÍSTA)"
"PROYECTO DE LEY REFORMATORIA A LA LEY ORGÁNICA DE EDUCACIÓN INTERCULTURAL PARA EL BENEFICIO DE LOS DOCENTES RESIDENTES DE LA PROVINCIA DE GALÁPAGOS";"2024-09-05";"2024-09-05";"455270";"AN-JLRV-2024-014-M";"AVOCO DEL PROYECTO POR PARTE DE LA COMISIÓN";"Comisión de Educación, Cultura, Ciencia, Tecnología, Innovación y Saberes Ancestrales";"2024-09-19";"ROGEL VILLACÍS JOSE LENÍN(ASAMBLEÍSTA)"
"PROYECTO DE LEY ORGÁNICA REFORMATORIA AL CÓDIGO ORGÁNICO INTEGRAL PENAL EN MATERIA DE REHABILITACIÓN SOCIAL PARA LA REINSERCIÓN SOCIAL, LABORAL Y MEJORA DE LA INFRAESTRUCTURA CARCELARIA";"2024-09-05";"2024-09-05";"455276";"455276";"AVOCO DEL PROYECTO POR PARTE DE LA COMISIÓN";"Comisión de Justicia y Estructura del Estado";"2024-09-30";"ACAITURRI VILLA VARAS JORGE ENRIQUE(ASAMBLEÍSTA)"
"PROYECTO DE LEY ORGÁNICA REFORMATORIA AL CÓDIGO ORGÁNICO INTEGRAL PENAL";"2024-09-05";"2024-09-05";"455274";"455274";"CALIFICACIÓN DEL CONSEJO DE ADMINISTRACIÓN LEGISLATIVA (CAL)";"Comisión de Justicia y Estructura del Estado";"2024-09-19";"MATOVELLE VERA DIEGO FERNANDO(ASAMBLEÍSTA)"
"PROYECTO DE LEY ORGÁNICA REFORMATORIA A LA LEY ORGÁNICA DE SALUD, PARA INCLUIR EL RECONOCIMIENTO DEL LIBRE EJERCICIO DE LA NUTRICIÓN DE PROFESIONALES CON TÍTULO DE CUARTO NIVEL EN LA MATERIA DE ABOLIR LA DESNUTRICIÓN";"2024-09-05";"2024-09-05";"455275";"AN-MVDF-2024-0079-M";"INFORME PARA PRIMER DEBATE";"Comisión del Derecho a la Salud y el Deporte";"2024-09-19";"MATOVELLE VERA DIEGO FERNANDO(ASAMBLEÍSTA)"
"PROYECTO DE LEY REFORMATORIA AL CÓDIGO DEL TRABAJO Y A LA LEY ORGÁNICA DEL SERVICIO PÚBLICO QUE REGULA LA OBLIGATORIEDAD EN LA CONTRATACIÓN A JÓVENES";"2024-09-03";"2024-09-03";"455162";"AN-TBJE-2024-011-ME";"AVOCO DEL PROYECTO POR PARTE DE LA COMISIÓN";"Comisión del Derecho al Trabajo y a la Seguridad Social";"2024-09-19";"TERÁN BARRAGÁN JOHNNY ENRIQUE(ASAMBLEÍSTA)"
"PROYECTO DE LEY ORGÁNICA PARA FOMENTAR LA PRODUCCIÓN, COMERCIALIZACIÓN, INDUSTRIALIZACIÓN Y FIJACIÓN DEL PRECIO DEL ETANOL PARA BIOCOMBUSTIBLES A PARTIR DE LA CAÑA DE AZÚCAR";"2024-09-03";"2024-09-03";"455153";"BLA-AN-2024-043";"CALIFICACIÓN DEL CONSEJO DE ADMINISTRACIÓN LEGISLATIVA (CAL)";"Comisión de Desarrollo Económico, Productivo y la Microempresa";"2024-09-30";"LUNA ARÉVALO BLASCO REMIGIO(ASAMBLEÍSTA)"
"PROYECTO DE LEY ORGÁNICA REFORMATORIA AL CÓDIGO ORGÁNICO INTEGRAL PENAL";"2024-09-03";"2024-09-03";"455155";"BLA-AN-2024-044";"CALIFICACIÓN DEL CONSEJO DE ADMINISTRACIÓN LEGISLATIVA (CAL)";"Comisión de Justicia y Estructura del Estado";"2024-09-30";"LUNA ARÉVALO BLASCO REMIGIO(ASAMBLEÍSTA)"
"PROYECTO DE LEY ORGÁNICA DE AGROTECNOLOGÍA";"2024-09-03";"2024-09-03";"455163";"AN-TBJE-2024-012-ME";"CALIFICACIÓN DEL CONSEJO DE ADMINISTRACIÓN LEGISLATIVA (CAL)";"Comisión de Soberanía Alimentaria y Desarrollo del Sector Agropecuario y Pesquero";"2024-09-19";"TERÁN BARRAGÁN JOHNNY ENRIQUE(ASAMBLEÍSTA)"
"PROYECTO DE LEY ORGÁNICA DE CIBERSEGURIDAD";"2024-09-03";"2024-09-03";"455164";"AN-TBJE-2024-013-ME";"AVOCO DEL PROYECTO POR PARTE DE LA COMISIÓN";"Comisión de Soberanía, Integración y Seguridad Integral";"2024-09-19";"TERÁN BARRAGÁN JOHNNY ENRIQUE(ASAMBLEÍSTA)"
"PROYECTO DE LEY ORGÁNICA REFORMATORIA AL CÓDIGO ORGÁNICO DE LA FUNCIÓN JUDICIAL";"2024-08-18";"2024-08-18";"AN-VGHG-2024-0115-M";"AN-VGHG-2024-0115-M";"CALIFICACIÓN DEL CONSEJO DE ADMINISTRACIÓN LEGISLATIVA (CAL)";"Comisión de Justicia y Estructura del Estado";"2024-09-04";"VALLADAREZ GONZÁLEZ HÉCTOR GUILLERMO(ASAMBLEÍSTA)"
"PROYECTO DE LEY REFORMATORIA A LA LEY DEL DEPORTE, EDUCACIÓN FISICA Y RECREACIÓN";"2024-08-14";"2024-08-16";"454552";"AN-CAV-2024-0111-M";"AVOCO DEL PROYECTO POR PARTE DE LA COMISIÓN";"Comisión del Derecho a la Salud y el Deporte";"2024-09-04";"CENTENO ARTEAGA VALENTINA(ASAMBLEÍSTA)"
"PROYECTO DE LEY DE TELEMEDICINA";"2024-08-16";"2024-08-16";"454543";"454543";"CALIFICACIÓN DEL CONSEJO DE ADMINISTRACIÓN LEGISLATIVA (CAL)";"No se Asigna Comisión por calificación Negada";"2024-09-04";"ACHI SIBRI AUDY MARCELO(ASAMBLEÍSTA)"
"PROYECTO DE LEY ORGÁNICA REFORMATORIA A VARIOS CUERPOS LEGALES PARA GARANTIZAR EL ALIVIO FINANCIERO A LOS DEUDORES DE LA BANCA PÚBLICA";"2024-08-15";"2024-08-15";"AN-SHMJ-2024-0233-M";"AN-SHMJ-2024-0233-M";"AVOCO DEL PROYECTO POR PARTE DE LA COMISIÓN";"Comisión de Régimen Económico y Tributario y su Regulación y Control";"2024-12-19";"CABEZAS CASTILLO JANETH PAOLA(ASAMBLEÍSTA)/ GARZÓN MONTEROS GISSELA SIOMARA(ASAMBLEÍSTA)/ ULCUANGO FARINANGO RICARDO(ASAMBLEÍSTA)"
"PROYECTO DE LEY ORGÁNICA REFORMATORIA A LA LEY ORGÁNICA PARA EL DESARROLLO DE LA ACUICULTURA Y PESCA PARA IMPLEMENTAR EL RÉGIMEN LABORAL DE LOS PESCADORES Y FOMENTAR EL TRABAJO LOCAL";"2024-08-15";"2024-08-15";"454474";"AN-ADGM-2024-0147-O";"CALIFICACIÓN DEL CONSEJO DE ADMINISTRACIÓN LEGISLATIVA (CAL)";"No se Asigna Comisión por calificación Negada";"2024-09-04";"GARCÍA MEJÍA ADRIANA DENISSE(ASAMBLEÍSTA)"
"PROYECTO DE LEY PARA EL REGISTRO DE DEFUNCIÓN DE CONCEBIDOS NO NACIDOS";"2024-08-14";"2024-08-14";"454379";"AN-VMCE-0043-2024-M";"AVOCO DEL PROYECTO POR PARTE DE LA COMISIÓN";"Comisión de Protección Integral a Niñas, Niños y Adolescentes";"2024-11-07";"VERA MORA CARLOS EDILBERTO(ASAMBLEÍSTA)"
"PROYECTO DE LEY ORGÁNICA REFORMATORIA A LA LEY ORGÁNICA DE TRANSPORTE TERRESTRE, TRÁNSITO Y SEGURIDAD VIAL";"2024-08-14";"2024-08-14";"454396";"AN-CHZPA-2024-0116-M";"AVOCO DEL PROYECTO POR PARTE DE LA COMISIÓN";"Comisión de Desarrollo Económico, Productivo y la Microempresa";"2024-09-04";"CHÁVEZ ZAVALA PATRICIO ALBERTO(ASAMBLEÍSTA)"
"PROYECTO DE LEY ORGÁNICA REFORMATORIA A LA LEY ORGÁNICA DE LAS JUVENTUDES";"2024-08-14";"2024-08-14";"454407";"AN-DSCG-AN-2024-079-M";"CALIFICACIÓN DEL CONSEJO DE ADMINISTRACIÓN LEGISLATIVA (CAL)";"No se Asigna Comisión por calificación Negada";"2024-09-04";"CELLERI GÓMEZ SAMUEL ELIAS(ASAMBLEÍSTA)"
"PROYECTO DE LEY REFORMATORIA A LA LEY DE DEFENSA PROFESIONAL DE ARTISTAS";"2024-08-14";"2024-08-14";"454349";"AN-CHAHA-2024-0048-M";"CALIFICACIÓN DEL CONSEJO DE ADMINISTRACIÓN LEGISLATIVA (CAL)";"Comisión de Educación, Cultura, Ciencia, Tecnología, Innovación y Saberes Ancestrales";"2024-09-04";"CHÁVEZ ANGAMARCA HUMBERTO AMADO(ASAMBLEÍSTA)"
"PROYECTO DE LEY REFORMATORIA A LA LEY ORGÁNICA DE GESTIÓN DE LA IDENTIDAD Y DATOS CIVILES";"2024-08-14";"2024-08-14";"454393";"0079-JEPL-EC-E-2024-M";"CALIFICACIÓN DEL CONSEJO DE ADMINISTRACIÓN LEGISLATIVA (CAL)";"Comisión de Garantías Constitucionales, Derechos Humanos, Derechos Colectivos y la Interculturalidad";"2024-09-04";"POLANCO LARA JOHN EDISON(ASAMBLEÍSTA)"
"PROYECTO DE LEY ORGÁNICA REFORMATORIA A VARIAS LEYES PARA FORTALECER EL DERECHO DE PARTICIPACIÓN DE LAS ECUATORIANAS Y ECUATORIANOS EN EL EXTERIOR";"2024-08-14";"2024-08-14";"AN-PZME-2024-0102-M";"AN-PZME-2024-0102-M";"CALIFICACIÓN DEL CONSEJO DE ADMINISTRACIÓN LEGISLATIVA (CAL)";"Comisión de Justicia y Estructura del Estado";"2024-09-04";"PALACIOS ZAMBRANO MÓNICA ESTEFANÍA(ASAMBLEÍSTA)"
"PROYECTO DE LEY ORGÁNICA REFORMATORIA A LA LEY ORGÁNICA DE LA FUNCIÓN LEGISLATIVA";"2024-08-14";"2024-08-14";"454363";"AN-EEMM-2024-0073-M";"CALIFICACIÓN DEL CONSEJO DE ADMINISTRACIÓN LEGISLATIVA (CAL)";"Comisión de Justicia y Estructura del Estado";"2024-09-04";"ERBS ESTUPIÑÁN MARÍA MERCEDES(ASAMBLEÍSTA)/ BUESTAN CARABAJO PAÚL FERNANDO(ASAMBLEÍSTA)"
"PROYECTO DE LEY REFORMATORIA A VARIAS LEYES PARA EL IMPULSO, FORTALECIMIENTO Y SOSTENIBILIDAD FINANCIERA DEL SECTOR AGROPECUARIO";"2024-08-14";"2024-08-14";"454367";"0162-AN-MLRS-2024";"CALIFICACIÓN DEL CONSEJO DE ADMINISTRACIÓN LEGISLATIVA (CAL)";"No se Asigna Comisión por calificación Negada";"2024-09-04";"ROSADO SÁNCHEZ MARJORIE LORENA(ASAMBLEÍSTA)"
"PROYECTO DE LEY ORGÁNICA DE EQUIPARACIÓN DE DERECHOS PARA TODOS LOS DESPEDIDOS CON LA INCONSTITUCIONAL COMPRA DE RENUNCIA OBLIGATORIA";"2024-08-14";"2024-08-14";"454366";"AN-EEMM-2024-0072-M";"CALIFICACIÓN DEL CONSEJO DE ADMINISTRACIÓN LEGISLATIVA (CAL)";"No se Asigna Comisión por calificación Negada";"2024-09-04";"ERBS ESTUPIÑÁN MARÍA MERCEDES(ASAMBLEÍSTA)/ BUESTAN CARABAJO PAÚL FERNANDO(ASAMBLEÍSTA)"
"PROYECTO DE LEY ORGÁNICA REFORMATORIA DE LA LEY ORGÁNICA DE DISCAPACIDADES PARA GARANTIZAR UNA VIDA DIGNA";"2024-08-14";"2024-08-14";"454384";"AN-RRCA-2024-0068-M";"CALIFICACIÓN DEL CONSEJO DE ADMINISTRACIÓN LEGISLATIVA (CAL)";"Comisión de Garantías Constitucionales, Derechos Humanos, Derechos Colectivos y la Interculturalidad";"2024-09-04";"RODRÍGUEZ RIOFRÍO CARLOS ALBERTO(ASAMBLEÍSTA)"
"PROYECTO DE LEY ORGÁNICA REFORMATORIA A VARIAS LEYES PARA GARANTIZAR EL DERECHO A LA EDUCACIÓN DE LOS DEPORTISTAS DE ALTO RENDIMIENTO";"2024-08-14";"2024-08-14";"454421";"AN-RRCA-2024-0070-M";"CALIFICACIÓN DEL CONSEJO DE ADMINISTRACIÓN LEGISLATIVA (CAL)";"Comisión de Educación, Cultura, Ciencia, Tecnología, Innovación y Saberes Ancestrales";"2024-09-04";"RODRÍGUEZ RIOFRÍO CARLOS ALBERTO(ASAMBLEÍSTA)"
"PROYECTO DE LEY ORGÁNICA REFORMATORIA A VARIAS LEYES PARA GARANTIAR EL MEJOR CONTROL DE LOS SALVOCONDUCTOS VEHICULARES";"2024-08-14";"2024-08-14";"454360";"AN-SPFM-2024-0069-M";"AVOCO DEL PROYECTO POR PARTE DE LA COMISIÓN";"Comisión de Justicia y Estructura del Estado";"2024-09-04";"SANMARTÍN PARRA FABIOLA MARIBEL(ASAMBLEÍSTA)"
"PROYECTO DE REFORMA A LA LEY ORGÁNICA DEL SISTEMA NACIONAL DE INFRAESTRUCTURA VIAL Y TRANSPORTE TERRESTRE";"2024-08-14";"2024-08-14";"454369";"AN-GMGS-2024-0008-M";"CALIFICACIÓN DEL CONSEJO DE ADMINISTRACIÓN LEGISLATIVA (CAL)";"No se Asigna Comisión por calificación Negada";"2024-09-04";"GARZÓN MONTEROS GISSELA SIOMARA(ASAMBLEÍSTA)"
"PROYECTO DE LEY ORGÁNICA REFORMATORIA A LA LEY ORGÁNICA DE EDUCACIÓN INTERCULTURAL";"2024-08-14";"2024-08-14";"454418";"AN-HFKK-2024-021-M";"AVOCO DEL PROYECTO POR PARTE DE LA COMISIÓN";"Comisión de Educación, Cultura, Ciencia, Tecnología, Innovación y Saberes Ancestrales";"2024-09-04";"KRONFLE KOZHAYA HENRY FABIÁN(ASAMBLEÍSTA)"
"PROYECTO DE LEY ORGÁNICA REFORMATORIA A LA LEY ORGÁNICA DEL CONSEJO DE PARTICIPACIÓN CIUDADANA Y CONTROL SOCIAL";"2024-08-14";"2024-08-14";"454361";"AN-CDPS-2024-0062-M";"AVOCO DEL PROYECTO POR PARTE DE LA COMISIÓN";"Comisión de Transparencia, Participación Ciudadana y Control Social";"2024-09-04";"CORREA DELGADO PIERINA SARA MERCEDES(ASAMBLEÍSTA)"
"PROYECTO DE LEY ORGÁNICA REFORMATORIA AL CÓDIGO ORGÁNICO INTEGRAL PENAL PARA REGULAR LA PENA RESPECTO A LOS LÍMITES DE VELOCIDAD";"2024-08-14";"2024-08-14";"454398";"AN-GAAM-2024-0075-M";"AVOCO DEL PROYECTO POR PARTE DE LA COMISIÓN";"Comisión de Justicia y Estructura del Estado";"2024-09-04";"GALARZA AÑAZCO ANA MERCEDES(ASAMBLEÍSTA)"
"PROYECTO DE LEY ORGÁNICA QUE REGULA EL APOYO COMPLEMENTARIO DE LAS FUERZAS ARMADAS A LA POLICÍA NACIONAL EN LA SEGURIDAD INTERNA";"2024-08-14";"2024-08-14";"454419";"AN-HFKK-2024-022-M";"CALIFICACIÓN DEL CONSEJO DE ADMINISTRACIÓN LEGISLATIVA (CAL)";"Comisión de Garantías Constitucionales, Derechos Humanos, Derechos Colectivos y la Interculturalidad";"2024-09-04";"KRONFLE KOZHAYA HENRY FABIÁN(ASAMBLEÍSTA)"
"PROYECTO DE LEY DE SALUD RENAL Y NEFROPREVENCIÓN";"2024-08-13";"2024-08-13";"454252";"AN-SOCA-2024-0129-M";"PROYECTO TRAMITADO EN PRIMER DEBATE";"Comisión del Derecho a la Salud y el Deporte";"2024-09-04";"SALINAS OCHOA CAMILO AURELIO(ASAMBLEÍSTA)"
"PROYECTO DE LEY PARA LA REFORMA DE LA LEY ORGÁNICA REFORMATORIA A VARIOS CUERPOS LEGALES PARA EL FORTALECIMIENTO DE LAS CAPACIDADES INSTITUCIONALES Y LA SEGURIDAD INTEGRAL – MINISTERIO DE LA MUJER Y DERECHOS HUMANOS";"2024-08-13";"2024-08-13";"006-AN-RBMT-2024";"006-AN-RBMT-2024";"CALIFICACIÓN DEL CONSEJO DE ADMINISTRACIÓN LEGISLATIVA (CAL)";"No se Asigna Comisión por calificación Negada";"2024-09-04";"HERRERA GÓMEZ ANA CECILIA(ASAMBLEÍSTA)/ CABEZAS CASTILLO JANETH PAOLA(ASAMBLEÍSTA)/ MAYORGA TAPIA ROSA BELÉN(ASAMBLEÍSTA)"
"PROYECTO DE LEY ORGÁNICA REFORMATORIA A LA LEY ORGÁNICA DE PERSONAL Y DISCIPLINA DE LAS FUERZAS ARMADAS";"2024-08-13";"2024-08-13";"454317";"AN-AMLM-2024-0164-M";"PROYECTO TRAMITADO EN PRIMER DEBATE";"Comisión de Soberanía, Integración y Seguridad Integral";"2024-09-04";"ABAD MOROCHO MERCEDES LUZMILA(ASAMBLEÍSTA)"
"PROYECTO DE LEY DE DEPORTES ELECTRÓNICOS PARA EL RECONOCIMIENTO Y SU REGULACIÓN EN EL ECUADOR";"2024-08-13";"2024-08-13";"AN-KKHF-2024-0020-M";"AN-KKHF-2024-0020-M";"AVOCO DEL PROYECTO POR PARTE DE LA COMISIÓN";"Comisión de Educación, Cultura, Ciencia, Tecnología, Innovación y Saberes Ancestrales";"2024-09-04";"KRONFLE KOZHAYA HENRY FABIÁN(ASAMBLEÍSTA)"
"PROYECTO DE LEY ORGÁNICA REFORMATORIA A LA LEY ORGÁNICA ELECTORAL Y DE ORGANIZACIONES POLÍTICAS DE LA REPÚBLICA DEL ECUADOR, CÓDIGO DE LA DEMOCRACIA";"2024-08-13";"2024-08-13";"454268";"CT-AN-2024-70";"CALIFICACIÓN DEL CONSEJO DE ADMINISTRACIÓN LEGISLATIVA (CAL)";"Comisión de Justicia y Estructura del Estado";"2024-09-04";"TIUPUL URQUIZO CARMEN YOLANDA(ASAMBLEÍSTA)"
"PROYECTO DE LEY REFORMATORIA DE LA LEY DE COMPAÑÍAS";"2024-08-13";"2024-08-13";"454270";"AN-MTER-2024-0090-M";"CALIFICACIÓN DEL CONSEJO DE ADMINISTRACIÓN LEGISLATIVA (CAL)";"No se Asigna Comisión por calificación Negada";"2024-09-04";"MORETA TERÁN ESPERANZA DEL ROCÍO(ASAMBLEÍSTA)"
"PROYECTO DE LEY ORGÁNICA REFORMATORIA AL CÓDIGO ORGÁNICO DE ORGANIZACIÓN TERRITORIAL, AUTONOMÍA Y DESCENTRALIZACIÓN";"2024-08-07";"2024-08-07";"454001";"454001";"CALIFICACIÓN DEL CONSEJO DE ADMINISTRACIÓN LEGISLATIVA (CAL)";"Comisión de Gobiernos Autónomos, Descentralización, Competencias y Organización del Territorio";"2024-09-04";"YUMBAY YALLICO MARIANA(ASAMBLEÍSTA)"
"PROYECTO DE LEY ORGÁNICA REFORMATORIA A LA LEY ORGÁNICA DE LA FUNCIÓN LEGISLATIVA";"2024-08-07";"2024-08-07";"AN-CSEA-2024-0194-M";"AN-CSEA-2024-0194-M";"CALIFICACIÓN DEL CONSEJO DE ADMINISTRACIÓN LEGISLATIVA (CAL)";"No Asignado";null;"CUESTA SANTANA ESTHER ADELINA(ASAMBLEÍSTA)"
"PROYECTO DE LEY ORGÁNICA DE RÉGIMEN ESPECIAL DE SEGURIDAD SOCIAL DE LAS FUERZAS ARMADAS";"2021-09-14";"2021-09-14";"409194";"409194";"INFORME PARA PRIMER DEBATE";"Comisión del Derecho al Trabajo y a la Seguridad Social";"2022-06-07";"LANDAZURI RECALDE FRANK(INSTITUTO DE SEGURIDAD SOCIAL DE LAS FUERZAS ARMADAS)"
"PROYECTO DE LEY ORGÁNICA REFORMATORIA PARA RESTITUIR EL CONTROL PREVIO DE LEGALIDAD DE ACTOS Y CONTRATOS";"2019-06-19";"2019-06-19";"368242";"368242";"INFORME PARA PRIMER DEBATE";"Comisión de Régimen Económico y Tributario y su Regulación y Control";"2019-07-24";"LARREA VALENCIA JUAN CARLOS(PROCURADURIA GENERAL DEL ESTADO)"
